iter	MAE	RMSE
0	9.016022549	10.38266257
1	8.928917725	10.28391168
2	8.841663969	10.18575382
3	8.757041294	10.09019154
4	8.672916392	9.995254063
5	8.58792496	9.899438184
6	8.506993894	9.807796365
7	8.426533693	9.717153781
8	8.34566999	9.625648048
9	8.264069385	9.534956473
10	8.184385952	9.444203978
11	8.105451503	9.354638145
12	8.026746014	9.265645616
13	7.947752244	9.176637874
14	7.871684758	9.090287601
15	7.796689973	9.005016049
16	7.721325903	8.919776171
17	7.645652483	8.835262812
18	7.570529037	8.750524576
19	7.496405399	8.66734935
20	7.4248201	8.587020811
21	7.353228394	8.505370679
22	7.281595308	8.424761876
23	7.210062419	8.344526895
24	7.142373808	8.265951604
25	7.07203145	8.187316287
26	7.005148157	8.110341355
27	6.937585256	8.033570243
28	6.870286382	7.957668297
29	6.802999032	7.88130713
30	6.737034068	7.80695105
31	6.67272897	7.734082432
32	6.609002103	7.662692239
33	6.546877629	7.590030858
34	6.484560778	7.518899403
35	6.422577339	7.447555972
36	6.361073926	7.377537057
37	6.299395363	7.308242447
38	6.238759593	7.239475701
39	6.177708562	7.170531959
40	6.119119038	7.10265235
41	6.060691608	7.036380713
42	6.001839357	6.970235437
43	5.945603294	6.904573205
44	5.887476366	6.839191307
45	5.830159173	6.774863738
46	5.77387498	6.710778712
47	5.718573803	6.647601808
48	5.66415463	6.586304295
49	5.609473123	6.524563149
50	5.555229488	6.463434477
51	5.503232946	6.402653776
52	5.450708446	6.342624891
53	5.398129983	6.284550945
54	5.345462548	6.225631543
55	5.29437598	6.168173707
56	5.243380673	6.110248104
57	5.192848589	6.052975318
58	5.144160446	5.998801113
59	5.094415375	5.942610954
60	5.045921436	5.888483537
61	4.997921798	5.833423845
62	4.951296827	5.779783121
63	4.904638039	5.726279434
64	4.857555728	5.673268603
65	4.811107581	5.619890633
66	4.765226434	5.567432857
67	4.719564669	5.515969469
68	4.675579358	5.46471945
69	4.631158763	5.413749216
70	4.587002294	5.363218441
71	4.543513742	5.31378392
72	4.500647154	5.264390064
73	4.457235404	5.215539378
74	4.415055678	5.167160582
75	4.372488821	5.119062228
76	4.33045756	5.070855918
77	4.28900409	5.024645591
78	4.248499231	4.978713942
79	4.207676509	4.932057936
80	4.167444015	4.887695518
81	4.127569186	4.84185853
82	4.088491465	4.79700369
83	4.049573317	4.751997563
84	4.010798267	4.708142217
85	3.971776162	4.664310386
86	3.934076921	4.62097448
87	3.897366693	4.578047369
88	3.860344294	4.536302021
89	3.823516412	4.49415433
90	3.78713693	4.45323272
91	3.750929321	4.411880673
92	3.715323285	4.370660568
93	3.679560394	4.330471147
94	3.643997355	4.289990704
95	3.610025135	4.250118144
96	3.575686632	4.211182789
97	3.541879348	4.171905528
98	3.507782703	4.132993747
99	3.473842777	4.09441329
100	3.440768701	4.056417669
101	3.408800527	4.019890309
102	3.376567549	3.98292759
103	3.34477987	3.945889892
104	3.312768654	3.909324794
105	3.281821326	3.873697801
106	3.250931247	3.837941666
107	3.219701169	3.801949842
108	3.18943347	3.767122995
109	3.158800763	3.731993248
110	3.128659819	3.697531732
111	3.098593884	3.663884168
112	3.069315874	3.630027345
113	3.040429358	3.597474233
114	3.012360461	3.565471568
115	2.984083956	3.533150174
116	2.955838185	3.501017775
117	2.927576926	3.468671881
118	2.900516988	3.437531919
119	2.873439315	3.406094042
120	2.845727304	3.37435052
121	2.818886038	3.343776984
122	2.792702328	3.313873717
123	2.766416722	3.284054549
124	2.739918454	3.253485108
125	2.714646754	3.22418317
126	2.689298081	3.194849572
127	2.664578975	3.166542442
128	2.638931374	3.137326765
129	2.614180877	3.10872482
130	2.589636613	3.081304967
131	2.565518238	3.053732868
132	2.542362647	3.026994206
133	2.51843398	2.999912192
134	2.494964156	2.9727896
135	2.471055491	2.94555112
136	2.448124892	2.919222398
137	2.425218963	2.893149025
138	2.402113853	2.866709594
139	2.379734357	2.841317096
140	2.357526207	2.815681394
141	2.335255535	2.790303654
142	2.313112358	2.765209129
143	2.292242711	2.74057708
144	2.270583439	2.715653969
145	2.2497889	2.691451319
146	2.228758019	2.667469107
147	2.208088072	2.643390675
148	2.187749212	2.619766544
149	2.16715645	2.596386851
150	2.146842183	2.5728903
151	2.126965252	2.549946837
152	2.107164662	2.527102487
153	2.087550651	2.504458028
154	2.068507012	2.482286524
155	2.049335117	2.460120634
156	2.030328229	2.438869736
157	2.011605207	2.4174384
158	1.992641662	2.395552829
159	1.974326032	2.374707349
160	1.956249989	2.354001546
161	1.938011321	2.333078244
162	1.92004593	2.312687668
163	1.902999276	2.292678916
164	1.885389803	2.272771008
165	1.867725821	2.252651811
166	1.850315785	2.232832676
167	1.833351214	2.213391278
168	1.816471075	2.193985616
169	1.799522993	2.174794327
170	1.783105543	2.155714204
171	1.766806553	2.136803078
172	1.750978349	2.118648498
173	1.73495999	2.100491932
174	1.719150435	2.082226307
175	1.703838774	2.064682132
176	1.688202476	2.047029602
177	1.673303936	2.029460867
178	1.658322712	2.011895613
179	1.643227213	1.994643687
180	1.628355592	1.977425942
181	1.613541011	1.960629442
182	1.598885876	1.94413382
183	1.584488246	1.927554649
184	1.570090113	1.911061436
185	1.555845066	1.894733866
186	1.541661242	1.878722305
187	1.527648665	1.862666652
188	1.513877942	1.846939397
189	1.500252469	1.831113653
190	1.486872752	1.815685245
191	1.473385276	1.800189097
192	1.460397468	1.785115505
193	1.4471548	1.770004724
194	1.434420575	1.755113297
195	1.421592026	1.740280667
196	1.40936513	1.725852884
197	1.39692813	1.711290268
198	1.38471032	1.697383948
199	1.372723277	1.683153093
200	1.360391284	1.669029339
201	1.348808535	1.655409162
202	1.337328921	1.641796743
203	1.325591198	1.62830439
204	1.314190425	1.615058564
205	1.302689146	1.601680589
206	1.291139196	1.588373259
207	1.280005903	1.575290072
208	1.268989661	1.56259625
209	1.258213288	1.549939241
210	1.24762794	1.537926672
211	1.237138158	1.52585489
212	1.226461108	1.513720154
213	1.215986199	1.501644526
214	1.205413121	1.489422971
215	1.195013386	1.477343899
216	1.184851803	1.465747232
217	1.174907677	1.454259616
218	1.164928474	1.442783738
219	1.154974185	1.431282
220	1.145371491	1.420347277
221	1.13580961	1.409292854
222	1.126294081	1.398159033
223	1.116708996	1.387035979
224	1.107229276	1.376006041
225	1.09816984	1.365415599
226	1.08896668	1.354704224
227	1.079736942	1.344064881
228	1.070846616	1.333589847
229	1.062292212	1.323376537
230	1.053713388	1.31322334
231	1.045120401	1.303152532
232	1.036355728	1.292992949
233	1.028276708	1.2832683
234	1.019913918	1.273391731
235	1.011662886	1.263831072
236	1.003729019	1.254461291
237	0.995649234	1.24494496
238	0.9876325423	1.235584168
239	0.9798279785	1.226586389
240	0.9719094968	1.217365368
241	0.9641477562	1.208237444
242	0.9564483857	1.199135275
243	0.948919658	1.190397259
244	0.9414517668	1.181686305
245	0.9342536573	1.173246146
246	0.9271096074	1.164831317
247	0.91985516	1.156302195
248	0.9127544881	1.147824518
249	0.9056680105	1.139619519
250	0.8986512582	1.131476528
251	0.8919660503	1.123518482
252	0.8852998502	1.115571682
253	0.8785601594	1.107536504
254	0.871932818	1.099685144
255	0.8656324037	1.092127555
256	0.8592074633	1.084495206
257	0.8527147159	1.076797902
258	0.8463831229	1.069414766
259	0.8402721046	1.062132667
260	0.8341018887	1.054835516
261	0.8279306334	1.04746423
262	0.8218106168	1.040382629
263	0.8158711502	1.033445852
264	0.8101276792	1.026703701
265	0.804291231	1.019688965
266	0.7984119152	1.012819401
267	0.792840497	1.006357718
268	0.7872165431	0.9997382774
269	0.7817235542	0.9930412064
270	0.7762012304	0.9865331563
271	0.7707384317	0.9800495187
272	0.765341524	0.9736799002
273	0.7602441624	0.9676838354
274	0.7549778685	0.9613673274
275	0.7499134682	0.955492934
276	0.7448489209	0.9493829057
277	0.7399629096	0.9436874088
278	0.7350230885	0.937846284
279	0.7300442492	0.9318290398
280	0.7252042001	0.9260935643
281	0.7206049717	0.9206119861
282	0.7159778585	0.9149656897
283	0.7111790506	0.9091969331
284	0.7066190792	0.9038199689
285	0.7020374343	0.8984540713
286	0.6975216165	0.8931371782
287	0.6930985067	0.8877985665
288	0.6886949804	0.8825050626
289	0.6843241973	0.8772972913
290	0.6801768042	0.8723079986
291	0.6760664237	0.8674359661
292	0.6720621744	0.8624931763
293	0.6679354132	0.8575377735
294	0.6639063851	0.8526719289
295	0.6599344083	0.8481381426
296	0.6559532192	0.8433809417
297	0.6519952821	0.8384969862
298	0.6481283079	0.8337903631
299	0.6442872143	0.8291251383
300	0.6405879414	0.8245469848
301	0.6369263782	0.8201638429
302	0.6331954018	0.8155988841
303	0.6295147955	0.8111460416
304	0.6260520408	0.8070041336
305	0.6225571187	0.802861483
306	0.619117966	0.7986763338
307	0.615810093	0.7946023216
308	0.6123767455	0.7904897327
309	0.6090009267	0.7864875608
310	0.6057500108	0.7825208682
311	0.6024888999	0.7784979608
312	0.5992547342	0.7746079827
313	0.5960679377	0.7708096846
314	0.593033671	0.7670802404
315	0.5900052702	0.7634400123
316	0.5869597977	0.7597845439
317	0.5839953556	0.7561904745
318	0.5809955327	0.7524722946
319	0.5781199883	0.7489718199
320	0.5752653863	0.7454639799
321	0.5725244947	0.7421776703
322	0.5698249478	0.7388088169
323	0.5671882921	0.735533769
324	0.5645788387	0.7322934983
325	0.5620713475	0.729225889
326	0.5594670828	0.7259176078
327	0.5568897201	0.7228352169
328	0.5543119173	0.7197130487
329	0.5517452352	0.7166263323
330	0.5493637621	0.7136227124
331	0.5468757945	0.7105255614
332	0.5444743237	0.7076036382
333	0.542084146	0.7046390624
334	0.5396872791	0.7016587001
335	0.5373673083	0.698768671
336	0.5350825896	0.6959179112
337	0.5327461506	0.6931519078
338	0.5304757111	0.6903329735
339	0.5282181696	0.6875714424
340	0.5260337618	0.6849751097
341	0.5239431617	0.6824484492
342	0.5218748218	0.6798479505
343	0.5197557219	0.6771901331
344	0.5176747914	0.6745930851
345	0.5156465827	0.6721498861
346	0.5137012924	0.6697154708
347	0.5117059898	0.6672387842
348	0.5097590082	0.6648101189
349	0.5078587292	0.6625096098
350	0.5060639863	0.6602540512
351	0.5041599867	0.6579196058
352	0.5024313811	0.655780889
353	0.5006460633	0.6535804742
354	0.4988561837	0.651330296
355	0.4971399672	0.64915469
356	0.49543336	0.6470102225
357	0.4936934503	0.6447925792
358	0.4920312106	0.6427363583
359	0.4903456539	0.6406411978
360	0.4887737437	0.6387117243
361	0.4871605557	0.6367099687
362	0.485555744	0.6347009693
363	0.4840145489	0.6327905272
364	0.4824348072	0.6308803447
365	0.4810102494	0.6290855816
366	0.4795392808	0.6272744296
367	0.4780957405	0.6254478154
368	0.4766726663	0.6237627152
369	0.4753337659	0.6221648124
370	0.4739147447	0.6203855963
371	0.4724734158	0.6185682662
372	0.4711125266	0.616890765
373	0.4698295619	0.6152579062
374	0.4685171205	0.6136103966
375	0.4671851275	0.6119703963
376	0.4658195076	0.6103694518
377	0.4645858991	0.6087832653
378	0.4633193269	0.6072201318
379	0.4620871809	0.6057331697
380	0.4608330584	0.6041744413
381	0.459592467	0.6026127173
382	0.4583736494	0.6011052348
383	0.4572056017	0.599624036
384	0.4560798264	0.5982148788
385	0.4549492209	0.5967879637
386	0.4538437583	0.5953759624
387	0.4527289485	0.5940404401
388	0.4516083911	0.592683955
389	0.4505416754	0.5913415948
390	0.4494579635	0.5899968574
391	0.448425841	0.5886924468
392	0.447358979	0.5874107473
393	0.446314048	0.586142757
394	0.4453353351	0.5849198533
395	0.4443711681	0.5837181048
396	0.4434190103	0.5824974835
397	0.4424608783	0.5812586297
398	0.441555332	0.5801714382
399	0.440608643	0.5789627127
400	0.4397211278	0.5778407368
401	0.4388059369	0.5766942798
402	0.4379946806	0.5756752193
403	0.4371269543	0.5745763794
404	0.4362548056	0.5734924301
405	0.4353932161	0.5723784546
406	0.4345550838	0.5713156358
407	0.4337262295	0.5702695376
408	0.4328691517	0.5692084531
409	0.432085837	0.5681754396
410	0.4313203816	0.5672282838
411	0.4305260719	0.5662067989
412	0.4298400358	0.5652870472
413	0.4290710818	0.5643137601
414	0.4283294915	0.5633561414
415	0.4276472426	0.5624809861
416	0.4269274063	0.5615881717
417	0.4262250218	0.5607008563
418	0.4255853272	0.5598598234
419	0.4249328596	0.5590582082
420	0.4242549004	0.5581896304
421	0.4235461462	0.5573029973
422	0.4228508067	0.5564681628
423	0.4221700332	0.5555978906
424	0.4215565149	0.5548189973
425	0.4209061518	0.5540245794
426	0.4202688637	0.5531998919
427	0.4196416848	0.5523880442
428	0.41902583	0.5515777571
429	0.4184578554	0.5508380257
430	0.4179011619	0.5501291197
431	0.4173190015	0.5493796579
432	0.4167838063	0.548674222
433	0.4162635071	0.5479748085
434	0.4156803166	0.547249324
435	0.4151358676	0.5465623232
436	0.4146281743	0.5458749377
437	0.4140700047	0.5451907212
438	0.4135667549	0.5445448863
439	0.4130743284	0.5438834449
440	0.4125902231	0.5432523467
441	0.41210944	0.5426253242
442	0.411584971	0.5419667927
443	0.4110783128	0.5413522046
444	0.4105935462	0.5406953685
445	0.4101269362	0.5401096519
446	0.4096518519	0.5395049498
447	0.4091676578	0.5388750791
448	0.4086862943	0.5383048609
449	0.4082212907	0.5377222935
450	0.4077742392	0.5371706692
451	0.407340797	0.5366284914
452	0.4069115169	0.5360795621
453	0.406451629	0.5355267581
454	0.4060316227	0.5349930911
455	0.4056342506	0.5344956928
456	0.4052221472	0.5339427498
457	0.4047907351	0.5333983288
458	0.4044113643	0.5328999133
459	0.4040055766	0.5324013687
460	0.4035771855	0.5318768967
461	0.4031705776	0.5313416088
462	0.4027955346	0.5308382965
463	0.4024569379	0.5303891074
464	0.4020706334	0.5298991843
465	0.4016898592	0.5294236074
466	0.4013226425	0.5289354684
467	0.4009682332	0.5284826076
468	0.4005916589	0.5280132397
469	0.4002486268	0.5275682816
470	0.3999046303	0.5271312843
471	0.3995435025	0.5266760901
472	0.3991957193	0.5262231503
473	0.398876079	0.5257905744
474	0.3985328272	0.5253731802
475	0.3982131366	0.5249607004
476	0.3978940883	0.5245381564
477	0.3975717041	0.5241309907
478	0.3972512742	0.5236993617
479	0.3969226438	0.5232698613
480	0.3966267305	0.5228927704
481	0.3963288441	0.5224883868
482	0.3960486301	0.5221608398
483	0.3957534724	0.5217913316
484	0.3954380809	0.5213962589
485	0.3951456365	0.52101349
486	0.3948399862	0.5206063797
487	0.394561933	0.5202299839
488	0.3942909175	0.5198813953
489	0.3939987194	0.5195290356
490	0.3937085181	0.5191711447
491	0.393427647	0.5188133397
492	0.3931875588	0.5184899096
493	0.3929057436	0.5181362594
494	0.3926138266	0.5177908031
495	0.392347582	0.517428533
496	0.3920815094	0.5170918178
497	0.3918489149	0.5167769431
498	0.391594383	0.5164390644
499	0.3913433951	0.5161087785
500	0.39111343	0.5158128283
501	0.3908965908	0.5155388693
502	0.3906711189	0.5152185538
503	0.3904440888	0.5149260667
504	0.3901885886	0.5146186065
505	0.3899489713	0.5143174792
506	0.3897518887	0.5140460484
507	0.3895532572	0.5137800451
508	0.3893246038	0.5134941073
509	0.3891111444	0.513218353
510	0.3888994884	0.5129288729
511	0.3886787437	0.5126470531
512	0.3884511497	0.5123505846
513	0.3882573988	0.5120955152
514	0.3880138457	0.5117659572
515	0.3878252649	0.5115383409
516	0.3876468119	0.5113047782
517	0.3874190219	0.5110129028
518	0.3872087577	0.5107399947
519	0.3870129815	0.5104919568
520	0.3868012076	0.5102340456
521	0.3865662802	0.509941822
522	0.386384467	0.5096918298
523	0.3861896455	0.5094422049
524	0.3860181744	0.5091958297
525	0.3858385649	0.5089578895
526	0.3856633912	0.5087361975
527	0.38547606	0.5084844718
528	0.3852872636	0.5082219929
529	0.3850850971	0.5079581088
530	0.3849284995	0.5077437359
531	0.3847499128	0.5075194665
532	0.384572774	0.5072795848
533	0.3844150379	0.5070613592
534	0.3842171644	0.5068034718
535	0.3840549109	0.5065821426
536	0.383894982	0.5063701827
537	0.3837408927	0.5061461454
538	0.3835846029	0.5059345808
539	0.383420181	0.5057163007
540	0.3832668504	0.5055139447
541	0.3830906404	0.5052838357
542	0.3829470761	0.5050872566
543	0.3827778212	0.5048698623
544	0.3826044198	0.5046376381
545	0.3824132576	0.5044027835
546	0.3822393412	0.5041812785
547	0.3820930929	0.5039807231
548	0.3819508791	0.5037866025
549	0.3818188199	0.5036034353
550	0.3816770687	0.5034277867
551	0.3815094815	0.503190577
552	0.3813595881	0.5030056092
553	0.3812263596	0.5028173598
554	0.3811085608	0.5026560124
555	0.3809744272	0.5024737113
556	0.3808366856	0.5022825487
557	0.380688401	0.5020945311
558	0.3805410588	0.5019065522
559	0.380398298	0.5017177285
560	0.3802720738	0.5015461302
561	0.3801256383	0.5013607225
562	0.3799902669	0.5011809122
563	0.3798371931	0.5009797258
564	0.379685902	0.5007929605
565	0.3795701398	0.5006323563
566	0.3794502967	0.5004679222
567	0.3792963157	0.500287844
568	0.3791844344	0.5001315435
569	0.3790429966	0.4999320376
570	0.3789236436	0.4997771141
571	0.3787885613	0.4996032782
572	0.3786593731	0.499431383
573	0.378529703	0.4992675982
574	0.3784002449	0.499104612
575	0.3782909547	0.4989556319
576	0.3781580745	0.49876977
577	0.3780373115	0.4986123987
578	0.3779016855	0.4984405262
579	0.377810014	0.498322211
580	0.3776954372	0.498158282
581	0.3775894487	0.4979931773
582	0.3774723225	0.497828654
583	0.3773342552	0.4976485095
584	0.3772124126	0.4974804315
585	0.3770778612	0.4972850022
586	0.3769606028	0.4971118888
587	0.3768361065	0.496961547
588	0.3767252791	0.4968082161
589	0.3766021641	0.4966506504
590	0.3764942945	0.4965062977
591	0.3763812942	0.4963552812
592	0.3762815006	0.49620955
593	0.3761738917	0.4960650227
594	0.3760552502	0.4959127205
595	0.3759678689	0.4957809309
596	0.3758682215	0.4956362527
597	0.3757862377	0.495503811
598	0.375680366	0.495361524
599	0.3755524062	0.495188334
600	0.3754505653	0.4950453734
601	0.3753383732	0.4949012709
602	0.3752461877	0.4947794662
603	0.3751175011	0.4946184097
604	0.3750128853	0.4944718775
605	0.3748807832	0.4942895691
606	0.3747786556	0.4941659008
607	0.3746827392	0.4940357666
608	0.3745692386	0.4938814762
609	0.3744410748	0.4936976088
610	0.3743499232	0.4935876726
611	0.3742670163	0.493486496
612	0.3741831474	0.4933743449
613	0.3740862477	0.4932391744
614	0.3739849249	0.4931112687
615	0.373908131	0.4929944568
616	0.3738026423	0.4928741812
617	0.373719445	0.4927674612
618	0.3736065361	0.4926266865
619	0.3735126515	0.4925084324
620	0.3734127292	0.4923745419
621	0.373339555	0.4922560756
622	0.3732124356	0.4920831224
623	0.3731035854	0.4919474221
624	0.3730311876	0.4918399733
625	0.3729283506	0.4916971005
626	0.3728063236	0.4915245813
627	0.3727086127	0.4913961217
628	0.372592027	0.491232873
629	0.3725039621	0.4911340259
630	0.3724051242	0.4909726394
631	0.3723311161	0.490874124
632	0.3722476421	0.49073113
633	0.3721504941	0.4906067739
634	0.3720730233	0.4904965052
635	0.3719746561	0.4903461539
636	0.3719059912	0.4902423132
637	0.3718293212	0.4901261627
638	0.3717373681	0.4899854024
639	0.3716384985	0.4898490452
640	0.3715506117	0.4897400237
641	0.3714626979	0.4896144134
642	0.3713843524	0.4895111294
643	0.3713018752	0.4894054866
644	0.371233771	0.4893048268
645	0.3711311199	0.4891548026
646	0.3710613733	0.4890597273
647	0.3709524325	0.4889263777
648	0.3708855599	0.4888230398
649	0.3708043649	0.4887078099
650	0.370702028	0.4885774738
651	0.3706221482	0.4884549251
652	0.3705238402	0.4883420395
653	0.3704491732	0.4882427539
654	0.3703595933	0.4881196821
655	0.37028887	0.4880201947
656	0.3702147909	0.4879146597
657	0.3701395009	0.4878015955
658	0.3700525109	0.4876866492
659	0.3699833657	0.4875849769
660	0.3699064523	0.4874749735
661	0.3698403838	0.4873891901
662	0.3697549537	0.4872826986
663	0.3696980765	0.4871911331
664	0.3696358333	0.4871071188
665	0.3695574816	0.4870078658
666	0.3694809722	0.4868793976
667	0.3694041987	0.4867693554
668	0.3693362192	0.4866765901
669	0.3692542488	0.4865660354
670	0.3691716679	0.4864528248
671	0.3690792014	0.4863136436
672	0.3690141326	0.4861996307
673	0.3689549894	0.4861138882
674	0.3688790383	0.4860005051
675	0.3688063172	0.4858945666
676	0.368756474	0.4858187591
677	0.3686751079	0.4857115924
678	0.3686069117	0.4856200645
679	0.3685453637	0.4855246339
680	0.3684792226	0.4854291392
681	0.3684092181	0.4853230296
682	0.3683264614	0.4852105872
683	0.3682577011	0.4851194203
684	0.3681838775	0.485017198
685	0.3681129862	0.4849044277
686	0.3680438431	0.4848201099
687	0.3679642159	0.4847107609
688	0.3678977176	0.4846068242
689	0.3678057401	0.4844665817
690	0.3677130437	0.484332971
691	0.3676494498	0.4842458743
692	0.3675787823	0.484157061
693	0.367516846	0.4840609306
694	0.3674448076	0.4839643283
695	0.3674067559	0.483886436
696	0.367331791	0.4837897213
697	0.367272389	0.4837041283
698	0.3672165865	0.4836209131
699	0.3671536645	0.4835291425
700	0.3670874303	0.4834339452
701	0.3670518156	0.483372276
702	0.3669844079	0.4832813912
703	0.3669310335	0.483212504
704	0.366868791	0.4831025681
705	0.3667978726	0.4829873675
706	0.3667257325	0.4828921746
707	0.3666800469	0.4828284158
708	0.3666112853	0.4827401739
709	0.3665537304	0.4826568667
710	0.3664979039	0.4825740451
711	0.3664279732	0.4824754514
712	0.3663585339	0.4823785278
713	0.3662955227	0.4822855884
714	0.3662305528	0.4821945168
715	0.3661764629	0.4821185855
716	0.3661199718	0.4820369518
717	0.3660677517	0.4819547855
718	0.365986127	0.4818445874
719	0.3659217134	0.4817330402
720	0.36587274	0.4816520217
721	0.365804191	0.4815627013
722	0.3657587186	0.481495443
723	0.3657094824	0.4814098878
724	0.3656376548	0.4813061472
725	0.3655726446	0.4812036609
726	0.3655109317	0.4811220231
727	0.3654370512	0.4810310585
728	0.3653802974	0.4809415781
729	0.3652902821	0.4808064716
730	0.3652041981	0.4806857385
731	0.3651566248	0.4806257186
732	0.3651068992	0.4805522516
733	0.3650528668	0.4804702136
734	0.3649930929	0.4803736382
735	0.3649317337	0.4802822031
736	0.3648564661	0.480175379
737	0.3648013514	0.480089948
738	0.3647320001	0.4799815131
739	0.3646687215	0.4798978267
740	0.3646227756	0.4798415179
741	0.364558147	0.4797479768
742	0.3645253409	0.4796909288
743	0.3644528785	0.479584867
744	0.3644017677	0.4795124161
745	0.3643679519	0.4794565211
746	0.3643276609	0.4793920569
747	0.3642774758	0.4793174427
748	0.3642071191	0.4792147112
749	0.3641408352	0.4791190283
750	0.3640929896	0.4790308117
751	0.3640285391	0.4789419271
752	0.3639757172	0.4788723935
753	0.3639208749	0.4787868857
754	0.3638479729	0.4786925537
755	0.3637712654	0.4785742741
756	0.3637243966	0.4784933654
757	0.3636603738	0.4784048911
758	0.3636040893	0.4783122358
759	0.3635538188	0.4782472304
760	0.3635010725	0.4781833275
761	0.363432289	0.4780840493
762	0.3633814856	0.4780196967
763	0.363327808	0.4779268071
764	0.3632774382	0.4778571865
765	0.3632254824	0.4777814595
766	0.3631582264	0.4776918317
767	0.3630977372	0.4776072672
768	0.3630622817	0.4775452045
769	0.36300712	0.4774572437
770	0.362946657	0.477369622
771	0.3629066205	0.4773049327
772	0.362837818	0.4772163408
773	0.3627752127	0.4771190819
774	0.3627265492	0.477056843
775	0.3626599217	0.4769674041
776	0.3626061586	0.4768997449
777	0.3625493239	0.4768364377
778	0.3624905126	0.4767519872
779	0.3624452989	0.476697367
780	0.3623972971	0.4766222094
781	0.3623567568	0.4765597166
782	0.3622972918	0.4764779983
783	0.3622522893	0.4764186759
784	0.3622043146	0.4763281152
785	0.3621760743	0.4762898297
786	0.3621261546	0.4762068861
787	0.3620712035	0.4761182932
788	0.3620022029	0.4760297269
789	0.3619596761	0.4759684779
790	0.3619183469	0.4759085134
791	0.3618637208	0.4758409987
792	0.3618169905	0.4757614958
793	0.3617734084	0.4756877394
794	0.3617189491	0.4756114644
795	0.3616720454	0.475544813
796	0.3616175523	0.4754609619
797	0.3615579601	0.4753572072
798	0.3615127494	0.4752955425
799	0.3614720304	0.475233883
800	0.3614131662	0.4751401263
801	0.3613656319	0.4750528848
802	0.3613115082	0.4749830208
803	0.3612584135	0.4749043587
804	0.3612078872	0.474823156
805	0.3611716163	0.474767144
806	0.3611211331	0.4746864207
807	0.3610640815	0.4745874533
808	0.3610088033	0.4745103196
809	0.3609660999	0.474452283
810	0.3609391699	0.474405979
811	0.3608899137	0.4743491253
812	0.3608379158	0.4742635689
813	0.3607666429	0.4741606177
814	0.3607090058	0.4740841659
815	0.3606538824	0.4739967993
816	0.3606042061	0.4739261356
817	0.3605536764	0.4738580625
818	0.3604609676	0.4737356746
819	0.3604111808	0.4736581632
820	0.360362163	0.4735927399
821	0.3603199129	0.4735376916
822	0.3602451439	0.4734352762
823	0.3601983372	0.4733673157
824	0.3601528265	0.4733007908
825	0.3600877753	0.4731983444
826	0.3600093791	0.4730957073
827	0.3599619886	0.4730190358
828	0.3599068746	0.4729387568
829	0.3598636527	0.4728714927
830	0.3598353418	0.4728264624
831	0.3597834532	0.472765891
832	0.3597260566	0.472689828
833	0.3596725122	0.4726052886
834	0.3596257371	0.4725388694
835	0.3595774434	0.4724727238
836	0.3595406709	0.4724171396
837	0.3594978057	0.4723519145
838	0.3594512575	0.4722859895
839	0.3593959639	0.4722021768
840	0.3593591375	0.4721397612
841	0.3593300287	0.4720936778
842	0.3592948064	0.4720276008
843	0.359235886	0.4719533138
844	0.359192807	0.4718752208
845	0.3591309416	0.4717941356
846	0.3590795823	0.4717230942
847	0.3590367726	0.4716595277
848	0.3589861951	0.4715884936
849	0.358948855	0.4715302531
850	0.3589071639	0.4714664498
851	0.3588640466	0.4713837717
852	0.3588245913	0.4713120902
853	0.3587758662	0.4712417074
854	0.3587374033	0.4711771401
855	0.3587003573	0.4711268463
856	0.3586563761	0.4710677896
857	0.3586141667	0.4710106558
858	0.3585825025	0.4709609019
859	0.3585367146	0.4708987262
860	0.3584936368	0.4708407684
861	0.358449916	0.4707729978
862	0.3584137277	0.470724433
863	0.3583671899	0.4706688198
864	0.3583261188	0.4706047098
865	0.3582894218	0.4705617076
866	0.3582483822	0.4705019903
867	0.3582093734	0.4704574402
868	0.358147927	0.470372786
869	0.3581119844	0.4703145
870	0.3580506334	0.4702153462
871	0.3580135015	0.4701535392
872	0.3579718561	0.4700957709
873	0.3579285333	0.4700443685
874	0.3578873571	0.4699782974
875	0.3578578763	0.4699204458
876	0.3578226404	0.4698662104
877	0.3577806497	0.4698097782
878	0.3577413788	0.4697532405
879	0.3576994198	0.4696958225
880	0.3576589788	0.4696259291
881	0.3576204554	0.4695761019
882	0.3575898364	0.4695294797
883	0.3575453967	0.4694707184
884	0.3574896738	0.4693871824
885	0.3574626844	0.4693395566
886	0.3574185006	0.4692757725
887	0.3573646565	0.4692058276
888	0.3573205462	0.4691508203
889	0.3572816985	0.4690949728
890	0.3572373411	0.4690302393
891	0.3571703588	0.4689240365
892	0.3571181847	0.468855101
893	0.3570800378	0.468806267
894	0.357021993	0.468720386
895	0.3569708078	0.4686455489
896	0.3569319935	0.4685891716
897	0.3568813935	0.4685251396
898	0.3568510399	0.468486412
899	0.35679903	0.4684230297
900	0.3567592301	0.468367273
901	0.356700574	0.468296898
902	0.3566568939	0.4682338991
903	0.3566181813	0.4681886726
904	0.3565741864	0.468111253
905	0.3565322344	0.4680467807
906	0.3564971792	0.4679816194
907	0.3564508045	0.4679073796
908	0.3563944339	0.4678330191
909	0.3563490943	0.4677654583
910	0.3563170775	0.4677217224
911	0.3562669871	0.4676492046
912	0.3561974534	0.4675496381
913	0.356145499	0.4674631003
914	0.3561196963	0.4674159539
915	0.356064364	0.4673431942
916	0.3560156999	0.4672790317
917	0.3559873691	0.4672247254
918	0.3559379706	0.4671628584
919	0.3558881396	0.4670830189
920	0.3558602094	0.4670388982
921	0.35581041	0.4669674981
922	0.3557635864	0.4669051538
923	0.3557081142	0.4668098845
924	0.3556568614	0.4667225804
925	0.3556019716	0.4666552263
926	0.355572307	0.4666054868
927	0.3555389931	0.4665568778
928	0.3555017459	0.4664916296
929	0.3554520543	0.4664146636
930	0.355382688	0.4663202203
931	0.3553444872	0.466269154
932	0.3553053016	0.4662138014
933	0.3552699842	0.466174553
934	0.3552267157	0.4661048005
935	0.3551810619	0.4660449406
936	0.3551433128	0.4659838188
937	0.3550998442	0.4659243791
938	0.3550518459	0.4658643317
939	0.3549995008	0.4658001791
940	0.3549309466	0.4657084819
941	0.3548957913	0.4656553599
942	0.3548675576	0.4656087348
943	0.3548463372	0.465580387
944	0.354793365	0.4655086257
945	0.3547462874	0.4654475326
946	0.3547221707	0.4654002947
947	0.354667235	0.4653180107
948	0.3546337421	0.4652737906
949	0.3546028095	0.4652228031
950	0.3545625571	0.4651589097
951	0.3545308542	0.4651007445
952	0.3544741695	0.4650088554
953	0.3544275336	0.4649456582
954	0.3543952022	0.4648901381
955	0.3543507778	0.4648238355
956	0.3543143659	0.4647679732
957	0.3542706203	0.4647139964
958	0.3542253795	0.4646454058
959	0.3541814209	0.4645854424
960	0.3541438128	0.4645167243
961	0.3541110433	0.4644644864
962	0.3540766627	0.4644057397
963	0.3540316698	0.4643353865
964	0.3539917194	0.4642606609
965	0.3539581437	0.4642049237
966	0.3539217968	0.4641403723
967	0.3538837026	0.464078354
968	0.3538455642	0.4640219609
969	0.353793162	0.4639374686
970	0.3537363071	0.4638573833
971	0.3537015476	0.4637863091
972	0.3536405707	0.4636994614
973	0.353610209	0.4636432516
974	0.3535564736	0.4635723054
975	0.3535205363	0.4635158944
976	0.3534735839	0.4634553064
977	0.3534232503	0.4633907332
978	0.3533818655	0.4633318027
979	0.3533522025	0.4632796046
980	0.3533265187	0.463240001
981	0.3532832788	0.46317757
982	0.3532416862	0.4631133963
983	0.3532055277	0.4630592471
984	0.3531424615	0.46297836
985	0.3530876086	0.4629058528
986	0.3530357253	0.4628301922
987	0.3529944623	0.4627636864
988	0.3529669617	0.4627199343
989	0.3529296049	0.4626583578
990	0.352880378	0.4625826709
991	0.3528485336	0.4625204656
992	0.3527973197	0.4624552976
993	0.3527393756	0.4623882298
994	0.3526900421	0.462320858
995	0.3526426143	0.4622559245
996	0.3525936938	0.4621865547
997	0.3525474023	0.462128164
998	0.3525207768	0.4620830129
999	0.3524927393	0.4620398632
1000	0.3524455825	0.461979485
1001	0.3524077663	0.4619112218
1002	0.3523703455	0.4618589422
1003	0.3523174486	0.461783484
1004	0.3522651085	0.4617024967
1005	0.3522285414	0.4616456847
1006	0.3521729641	0.4615494327
1007	0.3521548835	0.4615096068
1008	0.3521112222	0.4614470767
1009	0.3520692536	0.4613963689
1010	0.3520277527	0.4613340262
1011	0.3519901958	0.4612681171
1012	0.3519301249	0.4611908831
1013	0.3518743262	0.4611008076
1014	0.3518302908	0.461039135
1015	0.3517634686	0.4609582015
1016	0.3517103168	0.4608754589
1017	0.3516685898	0.4608107258
1018	0.3516330563	0.4607458762
1019	0.3515889427	0.46068247
1020	0.3515386583	0.460608821
1021	0.3514731796	0.460514942
1022	0.3514374767	0.4604662172
1023	0.3513865811	0.4603854235
1024	0.3513567662	0.460343978
1025	0.3513060966	0.4602739356
1026	0.3512633936	0.4602095863
1027	0.3512344854	0.4601670874
1028	0.3511981903	0.4601077602
1029	0.351140091	0.4600314728
1030	0.351098235	0.459968359
1031	0.3510674424	0.4599234953
1032	0.3510228884	0.4598578545
1033	0.350977976	0.4597846336
1034	0.3509242403	0.4597202418
1035	0.3508805502	0.4596580377
1036	0.3508204243	0.4595771065
1037	0.3507726257	0.4595054736
1038	0.3507210813	0.4594333087
1039	0.3506722559	0.4593613519
1040	0.350633393	0.4592926004
1041	0.3505839241	0.4592199804
1042	0.3505432881	0.4591640574
1043	0.350510249	0.4591188821
1044	0.3504707344	0.4590662478
1045	0.3504422387	0.4590151416
1046	0.350406141	0.4589526087
1047	0.3503560023	0.4588778438
1048	0.3503169183	0.4588216735
1049	0.3502778461	0.4587576967
1050	0.3502553092	0.458719814
1051	0.3502111941	0.4586577198
1052	0.3501919273	0.4586176543
1053	0.3501383178	0.4585434539
1054	0.3501102224	0.4585070547
1055	0.3500619123	0.4584462405
1056	0.3500296261	0.4583984615
1057	0.3500034166	0.4583608292
1058	0.3499629176	0.4583149131
1059	0.3499353018	0.4582624501
1060	0.3498973457	0.4582021958
1061	0.3498516473	0.4581222076
1062	0.3497976062	0.4580434977
1063	0.3497564125	0.457985709
1064	0.3497165938	0.4579264766
1065	0.3496867844	0.4578830536
1066	0.3496524776	0.4578339341
1067	0.3496066399	0.4577705655
1068	0.3495677267	0.4577122307
1069	0.3495456677	0.4576712885
1070	0.3495149585	0.4576241791
1071	0.3494709146	0.4575616507
1072	0.3494212032	0.4574736445
1073	0.3493931949	0.457435582
1074	0.3493640738	0.4573993928
1075	0.3493087427	0.4573149046
1076	0.3492839527	0.4572690051
1077	0.3492397231	0.4572090616
1078	0.3491576755	0.45711063
1079	0.349104879	0.4570323935
1080	0.3490630594	0.4569620025
1081	0.349042143	0.4569262859
1082	0.3490163699	0.4568827591
1083	0.3489657374	0.4568069331
1084	0.3489359283	0.4567574196
1085	0.3489066875	0.4567137345
1086	0.3488534994	0.4566441575
1087	0.3487890498	0.456560626
1088	0.3487682032	0.4565210292
1089	0.3487350972	0.4564646159
1090	0.3486911337	0.4564064185
1091	0.3486463729	0.4563418911
1092	0.348589563	0.4562592769
1093	0.3485582243	0.4562189018
1094	0.3485194626	0.4561530269
1095	0.3484724589	0.4560846469
1096	0.3484436573	0.4560386881
1097	0.3484023073	0.4559898743
1098	0.3483738264	0.4559403695
1099	0.3483423106	0.4558829683
1100	0.3482853918	0.4558083024
1101	0.3482433934	0.4557433584
1102	0.3482186913	0.4557012368
1103	0.3481730791	0.455638885
1104	0.3481391237	0.4555806489
1105	0.3480782666	0.4554981511
1106	0.3480332307	0.4554285495
1107	0.3479961983	0.4553702605
1108	0.3479776172	0.4553395411
1109	0.3479199488	0.4552576937
1110	0.3478617295	0.4551698727
1111	0.3478243053	0.4551148047
1112	0.3477836513	0.4550534791
1113	0.347752414	0.455005393
1114	0.3477265188	0.454970912
1115	0.3476953354	0.4549102076
1116	0.3476652188	0.4548608597
1117	0.347631987	0.4548138444
1118	0.3476027137	0.4547628725
1119	0.3475482316	0.454692511
1120	0.3474933251	0.4546252711
1121	0.3474591521	0.4545799175
1122	0.3474185183	0.4545085621
1123	0.34736898	0.4544480286
1124	0.3473358633	0.454394067
1125	0.3472924823	0.4543361974
1126	0.3472438506	0.4542734878
1127	0.3472013654	0.4542175584
1128	0.3471490362	0.4541484277
1129	0.3471097747	0.4540913526
1130	0.3470617288	0.45402869
1131	0.3470005169	0.4539382025
1132	0.3469640227	0.4538796447
1133	0.3469065695	0.453792927
1134	0.3468661739	0.4537447883
1135	0.3468191927	0.4536725185
1136	0.3467828817	0.4536198342
1137	0.3467386842	0.4535556877
1138	0.3466959613	0.4534867116
1139	0.3466722534	0.4534527848
1140	0.3466360241	0.4534019877
1141	0.3466194946	0.4533680166
1142	0.3465788618	0.4533053033
1143	0.3465525942	0.4532609735
1144	0.3465033423	0.4531967272
1145	0.3464710946	0.4531494964
1146	0.3464260173	0.453084672
1147	0.3463751994	0.453019086
1148	0.3463491674	0.452979814
1149	0.3463006595	0.452906034
1150	0.3462790988	0.4528687829
1151	0.3462359618	0.4528084117
1152	0.3461660715	0.4527190844
1153	0.3461316393	0.4526624143
1154	0.3460805929	0.4525961427
1155	0.3460341977	0.4525228062
1156	0.3460057943	0.4524843637
1157	0.3459533904	0.4524110383
1158	0.3459077742	0.4523510924
1159	0.3458684337	0.4522973032
1160	0.3458304865	0.4522403781
1161	0.345806315	0.4522008088
1162	0.3457734736	0.4521434047
1163	0.3457465628	0.4521082372
1164	0.3457053952	0.4520528632
1165	0.3456565068	0.4519919775
1166	0.3456145637	0.4519228086
1167	0.3455867816	0.4518816894
1168	0.3455369483	0.4518163875
1169	0.3454906997	0.4517560863
1170	0.3454577475	0.4517026447
1171	0.3454115103	0.4516288999
1172	0.3453589755	0.4515437452
1173	0.3453098898	0.4514773038
1174	0.3452800627	0.4514372725
1175	0.3452411523	0.4513742193
1176	0.3451936135	0.4513080715
1177	0.345147497	0.451234409
1178	0.3451142674	0.4511789208
1179	0.3450599855	0.4511139544
1180	0.3450357917	0.4510800991
1181	0.344984066	0.4510072887
1182	0.3449169249	0.4509093711
1183	0.3448759437	0.4508518875
1184	0.3448265521	0.4507818577
1185	0.3447920503	0.4507304842
1186	0.3447402242	0.4506583979
1187	0.3447114269	0.4506094984
1188	0.3446852963	0.4505736494
1189	0.3446491014	0.4505123404
1190	0.3446115652	0.4504520217
1191	0.3445894686	0.4504201252
1192	0.3445567033	0.4503755539
1193	0.3445392034	0.4503440258
1194	0.3444925463	0.450278287
1195	0.3444316408	0.4502063136
1196	0.3444114073	0.4501741403
1197	0.3443559745	0.4500985251
1198	0.344321334	0.4500465239
1199	0.3442821889	0.449986562
1200	0.3442433288	0.4499371253
1201	0.3442214193	0.449895784
1202	0.344174434	0.4498271718
1203	0.3441240938	0.4497507418
1204	0.3440898726	0.4496981283
1205	0.3440621526	0.4496615023
1206	0.344024798	0.4496026318
1207	0.3439953986	0.4495667819
1208	0.3439475579	0.4495034195
1209	0.3439229624	0.4494639639
1210	0.3438938157	0.4494099358
1211	0.3438572071	0.4493575789
1212	0.3438142118	0.4492918114
1213	0.3437876622	0.4492559611
1214	0.3437424581	0.4491825634
1215	0.3437123559	0.4491319574
1216	0.3436829855	0.4490917838
1217	0.3436320687	0.4490297351
1218	0.3435910211	0.4489722635
1219	0.3435518831	0.4489056164
1220	0.3435090859	0.4488538121
1221	0.3434649405	0.4487926329
1222	0.3434232369	0.4487305451
1223	0.3434038633	0.4487045449
1224	0.3433832817	0.4486779677
1225	0.3433306037	0.4486151842
1226	0.3433000649	0.4485632974
1227	0.3432423793	0.4484847887
1228	0.3432016199	0.4484270125
1229	0.3431472294	0.4483601442
1230	0.3431066457	0.4483118811
1231	0.3430674175	0.4482619677
1232	0.3430280919	0.448204209
1233	0.3429822523	0.4481285499
1234	0.3429373056	0.448056905
1235	0.3428986967	0.4480008575
1236	0.3428654645	0.4479471422
1237	0.3428403196	0.4479079874
1238	0.3427976836	0.4478423817
1239	0.3427475104	0.4477724947
1240	0.3427099704	0.4477168362
1241	0.3426776094	0.4476746857
1242	0.3426253039	0.4476134424
1243	0.3425762752	0.4475433436
1244	0.3425336535	0.4474850661
1245	0.3425067685	0.447446503
1246	0.3424348693	0.4473552643
1247	0.3423742391	0.4472738824
1248	0.3423441414	0.4472260339
1249	0.3422926277	0.4471597756
1250	0.3422457663	0.4470989633
1251	0.34221134	0.4470469127
1252	0.3421794122	0.4469991616
1253	0.3421158939	0.4469175257
1254	0.342081449	0.446861695
1255	0.3420392484	0.4467920671
1256	0.3420001068	0.4467404353
1257	0.3419743094	0.4467041644
1258	0.3419479495	0.4466693287
1259	0.3419085809	0.4466238207
1260	0.3418753223	0.4465779325
1261	0.3418509872	0.4465345611
1262	0.3418274027	0.4464968068
1263	0.3417810886	0.4464383838
1264	0.3417551376	0.4463992297
1265	0.3417188018	0.446345996
1266	0.3416913635	0.4462971853
1267	0.3416642964	0.4462566631
1268	0.3416280046	0.4462040307
1269	0.3415834514	0.4461347609
1270	0.3415478994	0.4460892347
1271	0.3415142949	0.446042349
1272	0.341475875	0.4459843342
1273	0.3414510678	0.4459492291
1274	0.341410271	0.4458810928
1275	0.3413748428	0.4458326056
1276	0.3413229122	0.4457578999
1277	0.3412871469	0.4457148894
1278	0.3412320952	0.4456471847
1279	0.3411956415	0.4455998435
1280	0.3411513167	0.4455450004
1281	0.341095489	0.445477877
1282	0.3410600179	0.4454193918
1283	0.3410217491	0.4453497385
1284	0.3409898141	0.4453064117
1285	0.3409485993	0.4452456481
1286	0.3409209706	0.4452126735
1287	0.340895065	0.4451701179
1288	0.3408555179	0.44511167
1289	0.3408248899	0.4450620188
1290	0.3407598912	0.4449742307
1291	0.3407292899	0.4449235869
1292	0.3406842744	0.4448587115
1293	0.3406519022	0.4448097342
1294	0.340625818	0.444771201
1295	0.3405805521	0.4447140026
1296	0.340562237	0.4446820201
1297	0.3405304596	0.4446425626
1298	0.3405035994	0.4446012125
1299	0.3404435765	0.4445277915
1300	0.3404063166	0.444476107
1301	0.3403895709	0.4444407984
1302	0.3403506362	0.4443896185
1303	0.340316149	0.4443408282
1304	0.3402675894	0.4442752546
1305	0.3402416386	0.4442349548
1306	0.3402083703	0.4441856505
1307	0.3401687704	0.4441276896
1308	0.3401391115	0.444082134
1309	0.3400958099	0.4440239791
1310	0.3400674603	0.443983679
1311	0.3400234979	0.4439168286
1312	0.3399899077	0.4438664271
1313	0.3399415135	0.4438002644
1314	0.3399042068	0.4437480509
1315	0.3398764	0.44369778
1316	0.3398330927	0.4436360788
1317	0.3397842287	0.4435795959
1318	0.3397429888	0.443521531
1319	0.3396949694	0.443459522
1320	0.3396737768	0.4434234079
1321	0.3396302565	0.4433601035
1322	0.3396022913	0.4433233649
1323	0.3395617977	0.443254846
1324	0.3395304368	0.4432138825
1325	0.3394896049	0.443152776
1326	0.339433565	0.4430798629
1327	0.3394002982	0.44303823
1328	0.3393677045	0.4429868425
1329	0.3393361534	0.4429446971
1330	0.3393012491	0.4428907304
1331	0.3392491252	0.4428186764
1332	0.3392275149	0.4427850486
1333	0.3391999282	0.4427412643
1334	0.33915607	0.4426871343
1335	0.3391356568	0.4426585778
1336	0.3391015302	0.4426066765
1337	0.3390777316	0.442572747
1338	0.3390210383	0.442500701
1339	0.3389871908	0.442451492
1340	0.3389530376	0.4424053493
1341	0.3389037822	0.4423391029
1342	0.3388579058	0.4422805305
1343	0.3388279368	0.4422330007
1344	0.33878501	0.4421743096
1345	0.3387494656	0.4421151835
1346	0.3387074662	0.4420598823
1347	0.3386517359	0.4419868418
1348	0.3386035603	0.4419231154
1349	0.338570315	0.4418711176
1350	0.3385427821	0.4418272672
1351	0.3385049835	0.4417816856
1352	0.3384792308	0.4417517279
1353	0.3384465373	0.4416996216
1354	0.3384320179	0.4416750955
1355	0.3383744983	0.4416068239
1356	0.3383184335	0.4415369257
1357	0.338271935	0.4414706247
1358	0.3382350967	0.4414242915
1359	0.3382049709	0.4413873405
1360	0.3381756979	0.4413480976
1361	0.3381392736	0.4412967431
1362	0.3381068764	0.4412520546
1363	0.3380720707	0.4412067774
1364	0.3380285313	0.4411373019
1365	0.3379889438	0.441085373
1366	0.3379547011	0.4410350181
1367	0.3379063139	0.440967431
1368	0.3378697905	0.4409126486
1369	0.3378143844	0.4408415896
1370	0.337771595	0.4407915368
1371	0.3377255282	0.4407299749
1372	0.3376956705	0.4406876792
1373	0.3376712338	0.4406515879
1374	0.3376244702	0.4405847065
1375	0.337593392	0.4405377044
1376	0.3375579487	0.4404926413
1377	0.3375098011	0.4404280555
1378	0.3374751191	0.4403841478
1379	0.3374446644	0.4403422677
1380	0.3374179592	0.4403043895
1381	0.3373846296	0.4402592453
1382	0.3373524579	0.440216511
1383	0.3373151924	0.4401615
1384	0.337279105	0.4401061323
1385	0.3372435639	0.440047387
1386	0.337208482	0.4399888152
1387	0.3371641165	0.4399324012
1388	0.3371200607	0.4398719255
1389	0.3370732968	0.4398023046
1390	0.3370396574	0.4397525415
1391	0.3370084374	0.4397135818
1392	0.3369652261	0.4396578945
1393	0.3369487534	0.4396298626
1394	0.336921848	0.4395888439
1395	0.3368842198	0.4395338738
1396	0.3368743636	0.4395211561
1397	0.3368389196	0.43947156
1398	0.3367885376	0.4393981451
1399	0.3367666329	0.4393613683
1400	0.3367347856	0.4393073549
1401	0.3366874382	0.4392463024
1402	0.3366425754	0.4391769347
1403	0.3366218139	0.4391458077
1404	0.336598675	0.4391155044
1405	0.3365751656	0.4390907048
1406	0.3365401183	0.4390366864
1407	0.3364968422	0.4389861316
1408	0.3364614094	0.4389412729
1409	0.3364199657	0.4388802937
1410	0.3363868763	0.4388390422
1411	0.3363548565	0.4388021017
1412	0.3363485367	0.4387913195
1413	0.3363212244	0.4387561773
1414	0.3362836769	0.438703894
1415	0.336248201	0.4386524022
1416	0.3362164388	0.4386063981
1417	0.3361589921	0.4385291517
1418	0.336136235	0.4384954573
1419	0.3361218115	0.4384691016
1420	0.3360921537	0.4384260887
1421	0.3360583623	0.4383825004
1422	0.3360136347	0.4383221578
1423	0.3359541703	0.4382447835
1424	0.335916767	0.4381920892
1425	0.3358857091	0.438148417
1426	0.3358408426	0.4380890011
1427	0.3357946973	0.4380291639
1428	0.3357438561	0.4379736142
1429	0.3357275364	0.4379516565
1430	0.3356950174	0.4379046243
1431	0.3356722147	0.4378674396
1432	0.3356339576	0.4378141336
1433	0.3355873734	0.4377468743
1434	0.3355546226	0.4376994783
1435	0.3355263102	0.4376557818
1436	0.3355038969	0.4376195883
1437	0.3354614732	0.4375630378
1438	0.3354466487	0.4375404587
1439	0.3353953466	0.4374692191
1440	0.3353670137	0.4374289764
1441	0.3353225177	0.4373805538
1442	0.3352642694	0.437307854
1443	0.3352199506	0.4372542164
1444	0.3351805122	0.4371960128
1445	0.3351578539	0.4371648215
1446	0.3351252554	0.4371107586
1447	0.3350814248	0.4370540686
1448	0.3350552998	0.4370076014
1449	0.3350169717	0.4369522638
1450	0.3349869835	0.4369063668
1451	0.334969069	0.4368748203
1452	0.3349323247	0.4368312974
1453	0.3348966289	0.4367811522
1454	0.3348623827	0.4367379512
1455	0.3347988313	0.4366607571
1456	0.3347501282	0.4365912407
1457	0.3347023347	0.4365292601
1458	0.3346775581	0.4364915538
1459	0.3346494257	0.4364479202
1460	0.3346068386	0.4363989685
1461	0.3345683089	0.4363471558
1462	0.3345421727	0.4363107611
1463	0.3345085705	0.4362623433
1464	0.3344505667	0.4361857618
1465	0.3344239806	0.4361483025
1466	0.3343786667	0.4360920156
1467	0.3343427997	0.4360331508
1468	0.3343196426	0.4360018561
1469	0.3342874944	0.4359599717
1470	0.3342467626	0.4358949699
1471	0.3342160729	0.4358582026
1472	0.3341769195	0.4358058474
1473	0.3341564654	0.435774913
1474	0.3341089707	0.4357066508
1475	0.334072828	0.4356609949
1476	0.3340391734	0.4356135341
1477	0.3340045173	0.4355673273
1478	0.3339552538	0.4355022736
1479	0.3339282979	0.4354664931
1480	0.3339032671	0.4354372974
1481	0.3338744596	0.4353965609
1482	0.3338444475	0.435351301
1483	0.3338086781	0.4353049076
1484	0.333779241	0.435259301
1485	0.3337270683	0.4351973016
1486	0.333687725	0.4351373472
1487	0.3336526479	0.4350932878
1488	0.3336122761	0.4350415254
1489	0.3335796606	0.4349999002
1490	0.3335295628	0.4349396445
1491	0.333494275	0.4348914042
1492	0.3334658198	0.434857004
1493	0.3334294927	0.434802286
1494	0.3333883347	0.4347513751
1495	0.3333609156	0.4347116562
1496	0.3333351829	0.4346752537
1497	0.3332980939	0.4346154171
1498	0.3332724112	0.4345773632
1499	0.3332461931	0.434545326
1500	0.3332122003	0.434497377
1501	0.3331992209	0.4344719683
1502	0.3331675253	0.4344216167
1503	0.3331386873	0.4343785539
1504	0.333104904	0.4343358639
1505	0.3330723126	0.4342947454
1506	0.3330676776	0.4342892628
1507	0.33303855	0.4342508355
1508	0.3330088548	0.4342115283
1509	0.3329814955	0.4341718932
1510	0.3329380816	0.4341203772
1511	0.3328953585	0.4340700246
1512	0.3328745431	0.434039513
1513	0.3328483161	0.4340026643
1514	0.3328203114	0.4339650486
1515	0.3327850193	0.4339100191
1516	0.3327404069	0.4338562005
1517	0.3327205465	0.4338283135
1518	0.3326909274	0.4337913115
1519	0.3326730072	0.4337672396
1520	0.3326438266	0.4337257709
1521	0.3326403503	0.4337191149
1522	0.3326048396	0.4336708829
1523	0.3325756119	0.4336269289
1524	0.3325307255	0.4335702972
1525	0.332489319	0.4335184639
1526	0.3324512947	0.4334579809
1527	0.3324245998	0.4334235204
1528	0.3323980854	0.4333890201
1529	0.3323561531	0.4333246759
1530	0.3323109533	0.4332720793
1531	0.3322913945	0.4332397659
1532	0.33225131	0.4331889884
1533	0.3322141901	0.4331420288
1534	0.3321860137	0.4331033588
1535	0.332160531	0.4330646486
1536	0.332114068	0.4330108497
1537	0.332090104	0.4329783227
1538	0.3320676687	0.432947939
1539	0.3320473778	0.4329146624
1540	0.3320006149	0.4328519541
1541	0.3319604111	0.4328049614
1542	0.3319425187	0.4327814137
1543	0.3319069181	0.432729106
1544	0.3318795701	0.4326941019
1545	0.3318526551	0.4326565221
1546	0.331819563	0.432619274
1547	0.3317784103	0.4325618403
1548	0.3317498404	0.4325205294
1549	0.3317315416	0.4324924162
1550	0.3316988638	0.4324419103
1551	0.3316529848	0.432373538
1552	0.3316469922	0.432363711
1553	0.3316060364	0.4323045174
1554	0.3315703078	0.4322593901
1555	0.3315490039	0.4322287245
1556	0.3315152828	0.4321855522
1557	0.3314880369	0.4321454965
1558	0.3314847272	0.4321373747
1559	0.3314534189	0.4320863163
1560	0.3314172411	0.4320334259
1561	0.3313808877	0.4319782192
1562	0.3313625016	0.4319534202
1563	0.3313341568	0.4319153364
1564	0.331295479	0.4318667124
1565	0.3312496659	0.431803629
1566	0.3312305508	0.4317806768
1567	0.3312101705	0.4317577491
1568	0.3311667507	0.4317052742
1569	0.3311563868	0.4316900792
1570	0.3311327941	0.431656133
1571	0.3310831847	0.4315885602
1572	0.331077877	0.4315798564
1573	0.3310271352	0.4315221195
1574	0.3309903231	0.4314691735
1575	0.330962082	0.4314356106
1576	0.3309406747	0.4314028449
1577	0.3309053134	0.431356937
1578	0.3308918678	0.431337605
1579	0.3308480093	0.4312762455
1580	0.3308033347	0.4312235131
1581	0.3307794204	0.4311916647
1582	0.3307502594	0.4311553384
1583	0.3307243748	0.4311161311
1584	0.3306927959	0.4310711085
1585	0.3306634568	0.4310217717
1586	0.3306296566	0.4309775027
1587	0.3305926815	0.4309360424
1588	0.3305650082	0.4308935697
1589	0.3305315477	0.4308462447
1590	0.3304880723	0.4307901781
1591	0.3304677991	0.4307600618
1592	0.3304456511	0.4307247944
1593	0.3304234292	0.4306916984
1594	0.3303893001	0.4306444524
1595	0.330375105	0.4306247733
1596	0.3303462285	0.4305854672
1597	0.3303158383	0.4305431733
1598	0.3302881816	0.4305020029
1599	0.3302657009	0.4304711394
1600	0.3302326921	0.4304295763
1601	0.3301971333	0.430384216
1602	0.3301673946	0.43034238
1603	0.3301353618	0.4303040987
1604	0.3301117531	0.4302725586
1605	0.3300748446	0.430226015
1606	0.3300712842	0.4302221608
1607	0.330036278	0.4301750638
1608	0.3300107433	0.4301412611
1609	0.3299845838	0.4301054587
1610	0.3299545829	0.4300603142
1611	0.3299255999	0.4300232323
1612	0.3298804976	0.4299630961
1613	0.3298327497	0.4298940454
1614	0.3297794562	0.4298246337
1615	0.3297595034	0.4297910106
1616	0.3297304023	0.4297460895
1617	0.3296828546	0.4296850635
1618	0.3296512851	0.4296354732
1619	0.3296196629	0.4295898624
1620	0.329596902	0.4295592527
1621	0.3295655818	0.4295129716
1622	0.329529309	0.4294742577
1623	0.3294953805	0.4294269918
1624	0.3294677618	0.4293906314
1625	0.3294247993	0.4293407813
1626	0.3293838796	0.4292892265
1627	0.3293697846	0.429270177
1628	0.3293375245	0.4292276805
1629	0.329319366	0.4292018917
1630	0.3292751427	0.4291405267
1631	0.3292204521	0.429063738
1632	0.3291819754	0.429006445
1633	0.3291448216	0.4289606506
1634	0.3290868333	0.4288874756
1635	0.3290786852	0.4288757605
1636	0.3290496635	0.4288370918
1637	0.3290150624	0.4287803823
1638	0.3289693463	0.428717074
1639	0.3289325252	0.4286630333
1640	0.3288841669	0.4286003704
1641	0.3288506884	0.4285593506
1642	0.3288112292	0.4285095224
1643	0.3287842121	0.4284710701
1644	0.3287565273	0.4284336521
1645	0.3287208823	0.4283824112
1646	0.3286893229	0.4283337666
1647	0.3286583537	0.4282931652
1648	0.3286106033	0.4282298908
1649	0.3285836456	0.4281876958
1650	0.3285509047	0.4281444456
1651	0.3285482497	0.4281401215
1652	0.3285356607	0.4281242404
1653	0.3284961938	0.4280736626
1654	0.3284590413	0.4280266035
1655	0.3284454487	0.4280049624
1656	0.328413254	0.4279612676
1657	0.328384648	0.4279223848
1658	0.3283634228	0.4278962782
1659	0.3283569651	0.4278871169
1660	0.3283230681	0.4278435468
1661	0.3282867005	0.4277892853
1662	0.3282580957	0.4277469332
1663	0.3282272584	0.427705679
1664	0.3281903245	0.4276662671
1665	0.3281622223	0.4276269317
1666	0.3281292185	0.4275883743
1667	0.3281249177	0.4275826071
1668	0.3280947636	0.4275375521
1669	0.3280626354	0.4275019003
1670	0.3280538468	0.4274900213
1671	0.3280197083	0.4274392671
1672	0.3279838944	0.4273926806
1673	0.3279611567	0.4273609794
1674	0.3279279053	0.4273175535
1675	0.3279038888	0.4272845751
1676	0.3279023931	0.427282642
1677	0.3278704125	0.427231764
1678	0.3278541738	0.427212625
1679	0.3278289109	0.4271806326
1680	0.3277962307	0.4271319185
1681	0.3277671134	0.4270991594
1682	0.3277491014	0.4270722807
1683	0.327719649	0.4270374993
1684	0.3277086942	0.4270263441
1685	0.3276710143	0.4269801589
1686	0.3276475329	0.4269513854
1687	0.3276403915	0.4269421199
1688	0.3276179744	0.426917958
1689	0.3275943228	0.4268863861
1690	0.3275520157	0.4268278286
1691	0.3275083722	0.4267777644
1692	0.327456041	0.4267057858
1693	0.3274104831	0.4266538277
1694	0.3273776513	0.4266058779
1695	0.3273383463	0.4265441949
1696	0.3273279683	0.4265290108
1697	0.3272912232	0.4264713297
1698	0.3272728194	0.4264428693
1699	0.3272381914	0.426397896
1700	0.327220667	0.4263772871
1701	0.3271809039	0.4263321734
1702	0.3271476281	0.4262811116
1703	0.3271309433	0.4262534398
1704	0.3270825666	0.4261875238
1705	0.3270720508	0.4261714485
1706	0.3270429948	0.4261341411
1707	0.327011192	0.4260856085
1708	0.3269758829	0.4260405096
1709	0.3269393891	0.4259908714
1710	0.3268948528	0.4259306672
1711	0.3268617958	0.4258820491
1712	0.3268326419	0.4258359379
1713	0.3268035236	0.4258044317
1714	0.326774263	0.4257593617
1715	0.3267539541	0.4257339293
1716	0.3267112142	0.4256784109
1717	0.3266724072	0.4256289787
1718	0.326658105	0.4256104842
1719	0.3266173892	0.4255499464
1720	0.3265827095	0.4254999918
1721	0.3265364849	0.4254458388
1722	0.3265091242	0.4254027017
1723	0.3264822509	0.4253632259
1724	0.3264424756	0.4253079132
1725	0.3264014142	0.4252603284
1726	0.3263722	0.4252276059
1727	0.3263477853	0.4251900436
1728	0.3263368292	0.4251756399
1729	0.3263060133	0.4251359619
1730	0.3262907107	0.4251125681
1731	0.3262550502	0.4250603458
1732	0.3262364892	0.4250332046
1733	0.32622736	0.4250180133
1734	0.3261963956	0.4249789728
1735	0.3261636081	0.424935165
1736	0.3261233995	0.4248851145
1737	0.3261152912	0.4248742308
1738	0.3260853964	0.4248355955
1739	0.3260603972	0.4247996134
1740	0.3260307586	0.4247588067
1741	0.3259900188	0.424717336
1742	0.3259519111	0.4246600931
1743	0.3259291492	0.4246308174
1744	0.3258855293	0.4245747951
1745	0.3258617055	0.4245412802
1746	0.325832702	0.4245062993
1747	0.3258041108	0.4244630639
1748	0.3257927496	0.4244474395
1749	0.3257656142	0.4244127559
1750	0.3257334903	0.424354883
1751	0.3256951556	0.4243062113
1752	0.3256629012	0.4242629075
1753	0.3256406047	0.4242363073
1754	0.3256117338	0.424191815
1755	0.3255703327	0.4241384502
1756	0.3255408794	0.4240992027
1757	0.3255071216	0.424053514
1758	0.32547649	0.4240138338
1759	0.3254509113	0.4239842343
1760	0.32542516	0.4239430538
1761	0.3254142723	0.423926116
1762	0.3253845323	0.4238895315
1763	0.3253530192	0.4238462029
1764	0.3253160094	0.4237944805
1765	0.325286268	0.4237571461
1766	0.3252654947	0.4237308453
1767	0.3252473099	0.42370515
1768	0.3252189825	0.4236616871
1769	0.3251887431	0.423617433
1770	0.3251740982	0.4235956476
1771	0.3251540316	0.4235650087
1772	0.3251353304	0.4235438906
1773	0.3251200881	0.423520902
1774	0.3250837892	0.4234687927
1775	0.3250746299	0.4234585165
1776	0.3250526419	0.4234259929
1777	0.3250409903	0.4234146724
1778	0.325032422	0.423404333
1779	0.3250172773	0.4233792271
1780	0.3249939754	0.4233500882
1781	0.3249676288	0.4233111813
1782	0.3249635585	0.423304584
1783	0.3249215362	0.4232468294
1784	0.3249017913	0.4232242647
1785	0.3248920652	0.4232085926
1786	0.3248608254	0.4231664553
1787	0.3248226048	0.4231100859
1788	0.3247886186	0.4230706861
1789	0.3247636445	0.4230383512
1790	0.3247269798	0.4229835941
1791	0.3247034196	0.422953317
1792	0.3246864223	0.4229297491
1793	0.3246514892	0.4228869883
1794	0.3246130358	0.4228429323
1795	0.324584595	0.4228061274
1796	0.3245561057	0.4227666861
1797	0.3245284928	0.4227276753
1798	0.3245011337	0.4226898127
1799	0.3244673955	0.4226370849
1800	0.3244328273	0.4225852935
1801	0.3244103866	0.4225540516
1802	0.3243996704	0.422540448
1803	0.3243978417	0.4225384206
1804	0.324372034	0.4225035652
1805	0.3243280095	0.4224463914
1806	0.32430196	0.4224066733
1807	0.3242656774	0.4223557175
1808	0.3242567382	0.4223443257
1809	0.3242454584	0.4223333744
1810	0.3242249669	0.4223071056
1811	0.324201323	0.4222765039
1812	0.3241829739	0.4222534131
1813	0.3241529303	0.4222164593
1814	0.3241109643	0.4221686987
1815	0.324080029	0.4221312317
1816	0.3240467028	0.4220954665
1817	0.3240135815	0.4220545483
1818	0.3239838396	0.4220144728
1819	0.3239549417	0.4219747392
1820	0.3239288142	0.4219426933
1821	0.3238968994	0.4218888068
1822	0.3238641675	0.4218489296
1823	0.3238611956	0.4218435966
1824	0.3238204363	0.4217930064
1825	0.3237829657	0.421745075
1826	0.3237753583	0.4217363931
1827	0.3237487916	0.4217016314
1828	0.3237184214	0.4216641613
1829	0.3236895663	0.4216233984
1830	0.323655112	0.421583244
1831	0.3236141658	0.4215255296
1832	0.3235950542	0.4214966163
1833	0.3235709761	0.4214560295
1834	0.3235413298	0.4214198596
1835	0.3235010785	0.4213640521
1836	0.323475578	0.4213285014
1837	0.3234501706	0.421299373
1838	0.3234197157	0.4212607754
1839	0.3233855922	0.4212139407
1840	0.3233543484	0.4211747696
1841	0.3233196906	0.4211362062
1842	0.3232889991	0.4210957766
1843	0.3232645986	0.4210690893
1844	0.3232323763	0.4210284057
1845	0.323187837	0.4209663007
1846	0.3231571564	0.4209270305
1847	0.3231389327	0.420906226
1848	0.3231094764	0.4208657568
1849	0.323091564	0.42084379
1850	0.3230685514	0.4208154594
1851	0.3230471668	0.4207823042
1852	0.3230183297	0.4207422841
1853	0.3229997283	0.4207203788
1854	0.3229687028	0.420670112
1855	0.322936292	0.4206277886
1856	0.3229235669	0.4206104806
1857	0.3228974127	0.42056918
1858	0.3228780463	0.4205410844
1859	0.3228731983	0.4205360154
1860	0.3228398148	0.4204902185
1861	0.3228119341	0.4204512838
1862	0.3227817538	0.4204002853
1863	0.3227791163	0.4203973773
1864	0.3227655972	0.420383256
1865	0.3227288285	0.4203299194
1866	0.3226943646	0.4202850986
1867	0.3226510315	0.4202284125
1868	0.3226184744	0.4201802298
1869	0.3226061025	0.4201572685
1870	0.3225797409	0.4201158152
1871	0.3225426234	0.4200670864
1872	0.3225076173	0.4200279346
1873	0.3224756492	0.4199827271
1874	0.3224546175	0.4199502289
1875	0.3224255701	0.4199132888
1876	0.3224071279	0.4198928907
1877	0.3223896705	0.419868775
1878	0.3223733002	0.4198473937
1879	0.3223466534	0.4198124269
1880	0.3223358426	0.4197996205
1881	0.3223092256	0.4197616393
1882	0.3222669714	0.4197067398
1883	0.322246992	0.4196784035
1884	0.3222189726	0.4196417355
1885	0.3221965368	0.419616042
1886	0.3221665795	0.4195744014
1887	0.3221305525	0.4195300765
1888	0.322125821	0.4195245288
1889	0.3220913546	0.4194722734
1890	0.3220562891	0.4194263355
1891	0.3220180081	0.4193708062
1892	0.3219934571	0.4193382551
1893	0.3219552075	0.4192978221
1894	0.3219244728	0.4192611801
1895	0.3218816451	0.419205644
1896	0.3218453113	0.4191596265
1897	0.3218216751	0.419126967
1898	0.3217981854	0.4190949185
1899	0.3217653282	0.4190566469
1900	0.3217429017	0.4190171825
1901	0.321714054	0.4189766123
1902	0.3217081536	0.4189692442
1903	0.3216727831	0.4189187549
1904	0.3216561149	0.4188991196
1905	0.3216201108	0.4188538541
1906	0.3215839895	0.4188028713
1907	0.3215543509	0.4187543991
1908	0.3215347917	0.4187289625
1909	0.3215142959	0.4186991967
1910	0.3214873818	0.4186612189
1911	0.3214605041	0.4186292167
1912	0.3214454128	0.4186080086
1913	0.3214427597	0.4186035359
1914	0.3214175543	0.4185697983
1915	0.3213757068	0.4185174085
1916	0.3213415102	0.418473846
1917	0.321306164	0.4184248468
1918	0.3212492034	0.4183395637
1919	0.3212271437	0.4183113829
1920	0.3212123389	0.4182858452
1921	0.3211700355	0.4182354462
1922	0.3211449442	0.4181962304
1923	0.3211255524	0.4181704638
1924	0.3210852507	0.4181242087
1925	0.321081142	0.4181179673
1926	0.321078586	0.418114179
1927	0.3210559348	0.4180850131
1928	0.3210324083	0.4180521326
1929	0.3210008148	0.4180114954
1930	0.3209740669	0.4179820834
1931	0.3209527635	0.4179538804
1932	0.320923921	0.417913907
1933	0.3208979302	0.4178822916
1934	0.3208693937	0.4178386
1935	0.3208375406	0.4177948687
1936	0.3208206306	0.4177750363
1937	0.3207915577	0.4177365566
1938	0.320761232	0.4177007091
1939	0.3207362017	0.4176682568
1940	0.3207050729	0.4176286286
1941	0.3206799127	0.4175973772
1942	0.3206470335	0.4175553829
1943	0.3206225557	0.4175274981
1944	0.3206005383	0.4175018945
1945	0.3205824873	0.4174749337
1946	0.3205577418	0.4174423793
1947	0.3205422324	0.4174191432
1948	0.3205192252	0.4173857119
1949	0.3205168725	0.4173815504
1950	0.3204979947	0.417355972
1951	0.3204943251	0.4173509778
1952	0.3204766521	0.417328473
1953	0.3204501112	0.4172926963
1954	0.3204205712	0.4172547881
1955	0.3204000092	0.4172280642
1956	0.3203812487	0.4172027935
1957	0.3203556325	0.4171723048
1958	0.3203234689	0.4171377511
1959	0.3203034055	0.4171063696
1960	0.3202610067	0.4170490784
1961	0.3202275924	0.417009241
1962	0.3202067156	0.4169771582
1963	0.320171489	0.4169242066
1964	0.320134229	0.4168807753
1965	0.3200955839	0.4168296384
1966	0.3200665652	0.4167863325
1967	0.3200250045	0.4167351006
1968	0.3200097341	0.416713074
1969	0.3199803269	0.4166699707
1970	0.319954962	0.4166374558
1971	0.319913378	0.4165769102
1972	0.3198818409	0.4165361047
1973	0.319845264	0.4164852185
1974	0.3198134954	0.4164435529
1975	0.3197940592	0.4164204573
1976	0.3197700024	0.4163797667
1977	0.319767719	0.4163771151
1978	0.3197374858	0.4163430337
1979	0.3197149541	0.4163163052
1980	0.3196825026	0.4162762196
1981	0.3196609891	0.4162465543
1982	0.3196443899	0.4162220789
1983	0.3196068378	0.416175756
1984	0.3195798455	0.4161412753
1985	0.3195531545	0.416102376
1986	0.3195495349	0.4160987459
1987	0.3195229872	0.4160663271
1988	0.3195000068	0.4160371451
1989	0.3194722741	0.4159924991
1990	0.3194307644	0.4159431465
1991	0.3193961439	0.4159014723
1992	0.319353185	0.4158492439
1993	0.3193203882	0.4158020431
1994	0.319292677	0.4157666066
1995	0.3192587666	0.4157205421
1996	0.3192216125	0.4156765069
1997	0.3191942204	0.4156384315
1998	0.3191468461	0.4155755108
1999	0.3191153991	0.415537243
