,date,y_change,KODEX_return,PER,PBR,Dividend_Yield,Kosdaq150_return,S&P500_return,WTI_change,WTI_Volume,T10Y2Y,T10Y3M,VIX
0,2021-01-05,0.0,113.0,30.68,1.2,1.42,0.0,28.840000000000146,2.549999999999997,643.19,0.83,0.87,-1.6000000000000014
1,2021-01-06,0.0,433.0,30.45,1.2,1.43,88.0,35.940000000000055,0.8100000000000023,509.37,0.9,0.95,-0.4100000000000001
2,2021-01-07,0.0,514.0,31.11,1.22,1.4,93.0,39.07999999999993,0.2999999999999971,369.29,0.94,0.99,-1.3000000000000007
3,2021-01-08,0.0,429.0,32.35,1.27,1.35,73.0,9.629999999999654,1.3100000000000025,499.42,0.99,1.05,-0.870000000000001
4,2021-01-11,0.0,-212.0,32.31,1.27,1.35,-59.0,-3.5299999999997453,-0.3299999999999983,394.82,1.01,1.07,0.7699999999999996
5,2021-01-12,0.0,42.0,32.08,1.26,1.36,9.0,-0.4299999999998363,1.0300000000000011,400.2,1.01,1.06,-0.1600000000000001
6,2021-01-13,0.0,-207.0,32.31,1.27,1.35,-64.0,7.610000000000127,-0.4000000000000057,429.9,0.96,1.01,-0.8599999999999994
7,2021-01-14,0.0,217.0,32.33,1.27,1.35,0.0,-19.44000000000005,0.7299999999999969,390.09,0.99,1.06,1.0300000000000011
8,2021-01-15,0.0,-429.0,31.67,1.24,1.38,-137.0,-20.480000000000015,-1.4399999999999975,165.67,0.98,1.02,0.8200000000000003
9,2021-01-19,0.0,711.0,31.76,1.25,1.37,79.0,17.029999999999745,0.9799999999999968,125.96,0.96,1.01,0.2099999999999973
10,2021-01-20,0.0,376.0,31.99,1.26,1.36,137.0,35.63000000000011,0.1099999999999994,37.84,0.97,1.02,-1.240000000000002
11,2021-01-21,0.0,137.0,32.47,1.27,1.34,0.0,-4.389999999999873,0.2000000000000028,352.4,0.99,1.03,-0.0199999999999995
12,2021-01-22,0.0,169.0,32.26,1.27,1.35,39.0,-2.769999999999982,-0.8299999999999983,437.48,0.97,1.02,-0.3299999999999983
13,2021-01-25,0.0,-95.0,33.02,1.3,1.32,-14.0,3.680000000000291,0.6000000000000014,349.08,0.92,0.96,0.8800000000000026
14,2021-01-26,0.0,296.0,32.28,1.27,1.35,73.0,-13.340000000000146,-0.2999999999999971,314.54,0.94,0.98,-0.8900000000000006
15,2021-01-27,0.0,-665.0,32.1,1.26,1.36,-240.0,-86.05999999999995,0.0900000000000034,442.38,0.92,0.96,13.39
16,2021-01-28,0.0,457.0,31.55,1.24,1.38,20.0,31.63000000000011,-0.3099999999999951,411.41,0.95,1.0,-3.039999999999999
17,2021-01-29,0.0,-118.0,30.59,1.2,1.43,0.0,-63.8100000000004,0.0500000000000042,410.91,1.0,1.05,-2.069999999999993
18,2021-02-01,0.0,424.0,31.42,1.23,1.39,54.0,42.690000000000055,1.5599999999999952,416.07,0.98,1.02,-1.2100000000000009
19,2021-02-02,0.0,330.0,31.84,1.25,1.37,79.0,34.4699999999998,1.2800000000000011,463.72,1.01,1.05,-2.450000000000003
20,2021-02-03,0.0,-95.0,32.18,1.26,1.36,-59.0,-10.099999999999907,0.6400000000000006,448.69,1.04,1.11,-1.6799999999999995
21,2021-02-04,0.0,235.0,31.74,1.25,1.37,35.0,35.07999999999993,0.269999999999996,381.4,1.04,1.11,-1.6700000000000017
22,2021-02-05,0.0,-43.0,32.08,1.26,1.36,-25.0,8.529999999999745,0.3900000000000005,400.83,1.1,1.16,-1.1199999999999974
23,2021-02-08,0.0,287.0,31.78,1.25,1.37,34.0,23.0,0.9099999999999966,399.72,1.08,1.14,-0.6500000000000021
24,2021-02-09,0.0,132.0,31.71,1.25,1.38,-14.0,0.7400000000002365,0.25,514.7,1.07,1.14,0.0599999999999987
25,2021-02-10,0.0,590.0,31.88,1.25,1.37,69.0,-10.900000000000093,0.2299999999999968,457.54,1.04,1.1,0.3499999999999978
26,2021-02-16,0.0,-226.0,32.53,1.28,1.34,-49.0,-7.019999999999982,0.0700000000000002,602.33,1.17,1.26,0.3300000000000018
27,2021-02-17,0.0,-71.0,32.22,1.27,1.35,-34.0,12.829999999999927,0.8999999999999986,335.42,1.18,1.25,-0.5199999999999996
28,2021-02-18,0.0,28.0,31.74,1.25,1.37,-30.0,-1.8900000000003276,-1.1599999999999966,132.04,1.18,1.26,0.509999999999998
29,2021-02-19,0.0,259.0,31.96,1.25,1.36,39.0,-14.449999999999818,-0.9600000000000009,102.43,1.23,1.3,-1.0500000000000007
30,2021-02-22,0.0,-264.0,31.67,1.24,1.38,-98.0,-9.050000000000182,2.6099999999999994,37.04,1.26,1.34,-1.0100000000000016
31,2021-02-23,0.0,-33.0,31.57,1.24,1.38,25.0,24.299999999999727,-0.4899999999999949,570.68,1.26,1.33,0.2899999999999991
32,2021-02-24,0.0,589.0,30.8,1.21,1.42,211.0,51.7199999999998,1.93,489.93,1.26,1.35,-2.4200000000000017
33,2021-02-25,0.0,-877.0,31.88,1.25,1.37,-348.0,-86.46000000000004,0.1400000000000005,510.36,1.37,1.5,7.16
34,2021-02-26,0.0,943.0,30.98,1.22,1.41,334.0,-28.509999999999764,-1.9600000000000009,472.72,1.3,1.4,-0.7800000000000011
35,2021-03-02,0.0,-94.0,31.3,1.23,1.39,-103.0,-33.34999999999991,-0.4799999999999969,464.13,1.29,1.38,0.5200000000000031
36,2021-03-03,0.0,-514.0,31.71,1.25,1.38,-186.0,-44.26999999999998,1.730000000000004,465.31,1.33,1.42,3.870000000000001
37,2021-03-04,0.0,-590.0,31.3,1.23,1.39,-172.0,-50.0600000000004,2.75,694.63,1.4,1.5,2.0500000000000007
38,2021-03-05,0.0,359.0,31.12,1.22,1.4,123.0,48.36000000000013,1.9300000000000068,573.17,1.42,1.52,-4.82
39,2021-03-08,0.0,9.0,30.81,1.21,1.42,-34.0,-23.039999999999964,-1.6300000000000097,533.38,1.42,1.54,-2.140000000000001
40,2021-03-09,0.0,514.0,30.6,1.2,1.43,226.0,23.51000000000022,-0.7199999999999989,554.56,1.38,1.5,-1.0799999999999983
41,2021-03-10,0.0,156.0,30.42,1.19,1.43,94.0,6.820000000000164,0.5999999999999943,498.49,1.37,1.49,-1.2000000000000028
42,2021-03-11,0.0,415.0,30.99,1.22,1.41,73.0,23.800000000000185,1.3199999999999932,441.06,1.4,1.5,-0.5899999999999999
43,2021-03-12,0.0,42.0,31.41,1.23,1.39,-20.0,18.820000000000164,-0.3499999999999943,321.71,1.5,1.6,-1.879999999999999
44,2021-03-15,0.0,189.0,31.32,1.23,1.39,79.0,25.980000000000015,-0.1700000000000017,378.01,1.48,1.58,-1.8099999999999987
45,2021-03-16,0.0,10.0,31.54,1.24,1.38,-19.0,-10.88000000000011,-0.5300000000000011,317.54,1.47,1.6,-0.3500000000000014
46,2021-03-17,0.0,307.0,31.34,1.23,1.39,79.0,24.549999999999727,-0.1500000000000056,254.72,1.5,1.61,-0.870000000000001
47,2021-03-18,0.0,-552.0,31.53,1.24,1.38,-201.0,-38.03999999999997,-4.420000000000002,143.6,1.55,1.7,2.629999999999999
48,2021-03-19,0.0,161.0,31.45,1.24,1.39,-64.0,-0.0399999999999636,1.8599999999999997,84.17,1.58,1.73,-0.4800000000000004
49,2021-03-22,0.0,241.0,31.41,1.23,1.39,30.0,24.110000000000127,0.0,28.26,1.54,1.66,-3.030000000000001
50,2021-03-23,0.0,-250.0,31.09,1.22,1.4,-83.0,-27.079999999999927,-3.520000000000003,712.32,1.48,1.62,0.8399999999999999
51,2021-03-24,0.0,-104.0,31.0,1.22,1.41,-64.0,-30.789999999999964,3.780000000000001,566.29,1.48,1.6,0.5599999999999987
52,2021-03-25,0.0,156.0,31.12,1.22,1.4,34.0,30.17999999999984,-2.239999999999995,580.11,1.49,1.61,-0.990000000000002
53,2021-03-26,0.0,137.0,31.45,1.24,1.39,79.0,57.42000000000007,2.490000000000002,472.0,1.53,1.65,-0.4600000000000008
54,2021-03-29,0.0,103.0,31.4,1.23,1.39,0.0,1.7800000000002,0.6300000000000026,449.36,1.59,1.7,0.3399999999999998
55,2021-03-30,0.0,104.0,31.75,1.25,1.37,0.0,-4.789999999999964,-1.4100000000000037,388.19,1.57,1.71,-1.150000000000002
56,2021-03-31,0.0,282.0,31.67,1.24,1.38,39.0,5.639999999999873,-1.2900000000000065,414.16,1.58,1.71,-0.4000000000000021
57,2021-04-01,0.0,330.0,31.94,1.25,1.36,79.0,27.08999999999969,1.9600000000000009,605.57,1.52,1.67,-1.2700000000000031
58,2021-04-05,0.0,235.0,32.29,1.27,1.35,44.0,43.4699999999998,-2.8500000000000014,438.86,1.56,1.7,-0.25
59,2021-04-06,0.0,76.0,32.35,1.27,1.35,24.0,-1.6300000000001091,0.5300000000000011,457.35,1.51,1.65,0.0500000000000007
60,2021-04-07,0.0,-61.0,32.46,1.27,1.34,15.0,5.659999999999855,0.5100000000000051,475.54,1.52,1.66,-0.8299999999999983
61,2021-04-08,0.0,33.0,32.52,1.28,1.34,20.0,7.220000000000255,0.0799999999999983,419.91,1.5,1.63,0.0299999999999975
62,2021-04-09,0.0,142.0,32.4,1.27,1.35,29.0,32.69000000000051,-0.4399999999999977,351.44,1.51,1.65,-0.3599999999999994
63,2021-04-12,0.0,10.0,32.44,1.27,1.34,-30.0,3.2799999999997453,0.3500000000000014,410.22,1.51,1.67,-0.5199999999999996
64,2021-04-13,0.0,113.0,32.79,1.29,1.33,25.0,11.489999999999782,0.5399999999999991,349.73,1.48,1.61,-0.3399999999999998
65,2021-04-14,0.0,-71.0,32.95,1.29,1.32,-15.0,-16.920000000000073,2.710000000000001,419.81,1.48,1.62,0.2799999999999976
66,2021-04-15,0.0,137.0,33.07,1.3,1.32,25.0,30.65999999999985,0.6300000000000026,243.37,1.4,1.54,-0.2100000000000008
67,2021-04-16,0.0,0.0,33.12,1.3,1.32,-74.0,11.329999999999927,-0.1899999999999977,87.8,1.43,1.57,-0.3999999999999986
68,2021-04-19,0.0,-85.0,33.12,1.3,1.32,-20.0,-16.539999999999964,0.4000000000000057,74.38,1.45,1.59,0.25
69,2021-04-20,0.0,-269.0,33.35,1.31,1.31,-83.0,-24.24000000000069,-1.0300000000000011,33.04,1.43,1.55,1.3200000000000005
70,2021-04-21,0.0,174.0,32.85,1.29,1.33,44.0,45.0,-1.0399999999999991,431.49,1.42,1.54,-0.9800000000000004
71,2021-04-22,0.0,-217.0,32.92,1.29,1.32,-88.0,-35.48000000000047,0.3200000000000003,344.7,1.41,1.54,1.4299999999999995
72,2021-04-23,0.0,108.0,32.99,1.3,1.32,20.0,41.39000000000033,0.490000000000002,345.41,1.42,1.55,-1.2300000000000004
73,2021-04-26,0.0,38.0,33.32,1.31,1.31,-10.0,2.590000000000145,-0.1500000000000056,366.87,1.4,1.55,-0.3000000000000007
74,2021-04-27,0.0,-47.0,33.3,1.31,1.31,-49.0,-1.5299999999997451,0.9699999999999988,361.54,1.46,1.62,-0.0600000000000022
75,2021-04-28,0.0,144.0,32.94,1.29,1.32,55.0,-1.9600000000000364,0.8200000000000003,387.68,1.46,1.62,-0.1899999999999977
76,2021-04-29,0.0,-62.0,32.87,1.29,1.33,35.0,5.329999999999927,1.3100000000000025,384.49,1.49,1.64,0.7300000000000004
77,2021-04-30,0.0,-44.0,32.6,1.28,1.34,10.0,-16.93000000000029,-1.2999999999999972,400.52,1.49,1.64,0.9399999999999976
78,2021-05-03,0.0,43.0,26.05,1.26,1.83,-79.0,0.680000000000291,0.8499999999999943,285.97,1.47,1.59,-0.3399999999999998
79,2021-05-04,0.0,-168.0,26.22,1.27,1.82,-44.0,-14.38000000000011,1.1599999999999966,370.21,1.45,1.59,1.3200000000000005
80,2021-05-06,0.0,63.0,26.48,1.28,1.8,44.0,32.47999999999956,-0.5600000000000023,389.21,1.42,1.56,-0.0199999999999995
81,2021-05-07,0.0,225.0,26.63,1.29,1.79,94.0,22.26000000000022,0.0,431.42,1.46,1.58,-1.759999999999998
82,2021-05-10,0.0,-301.0,27.07,1.31,1.76,-149.0,-39.85999999999967,-0.6499999999999915,448.34,1.47,1.61,2.3200000000000003
83,2021-05-11,0.0,19.0,26.75,1.3,1.79,20.0,1.7600000000002185,0.3799999999999954,514.95,1.48,1.63,0.6699999999999982
84,2021-05-12,0.0,-537.0,26.46,1.28,1.8,-213.0,-67.51000000000022,0.6200000000000045,508.52,1.53,1.67,5.169999999999998
85,2021-05-13,0.0,153.0,26.09,1.26,1.83,114.0,37.51000000000022,-1.93,547.69,1.5,1.64,-2.900000000000002
86,2021-05-14,0.0,230.0,26.36,1.28,1.81,104.0,44.27000000000044,1.5400000000000065,383.75,1.47,1.62,-2.960000000000001
87,2021-05-17,0.0,125.0,26.2,1.27,1.82,5.0,-6.630000000000109,0.769999999999996,268.48,1.48,1.62,-0.1700000000000017
88,2021-05-18,0.0,-311.0,26.53,1.28,1.8,-69.0,-38.10999999999967,-0.8400000000000034,167.35,1.48,1.62,2.4499999999999997
89,2021-05-20,0.0,225.0,26.44,1.28,1.81,94.0,37.14999999999964,-1.3400000000000034,29.62,1.48,1.62,-1.6599999999999966
90,2021-05-21,0.0,-43.0,26.39,1.28,1.81,-44.0,-12.75,1.6899999999999975,530.83,1.46,1.62,-0.2700000000000031
91,2021-05-24,0.0,206.0,26.25,1.27,1.82,74.0,26.890000000000327,2.18,466.65,1.46,1.59,-2.1000000000000014
92,2021-05-25,0.0,53.0,26.48,1.28,1.8,20.0,-17.80999999999949,0.0499999999999971,497.39,1.41,1.54,0.4899999999999984
93,2021-05-26,0.0,28.0,26.46,1.28,1.8,25.0,4.399999999999636,0.1699999999999875,376.21,1.44,1.56,-1.0100000000000016
94,2021-05-27,0.0,120.0,26.43,1.28,1.81,15.0,-1.059999999999491,0.6899999999999977,337.54,1.47,1.59,-1.2900000000000027
95,2021-05-28,0.0,129.0,26.56,1.29,1.8,40.0,-6.660000000000764,-0.6300000000000097,390.46,1.44,1.57,-0.0399999999999991
96,2021-06-01,0.0,9.0,26.84,1.3,1.78,-10.0,-14.480000000000471,1.039999999999992,570.99,1.46,1.6,0.6600000000000001
97,2021-06-02,0.0,77.0,26.86,1.3,1.78,50.0,1.300000000000182,0.8400000000000034,333.0,1.46,1.57,-0.379999999999999
98,2021-06-03,0.0,-163.0,18.13,1.28,1.76,-65.0,1.4200000000000728,0.0499999999999971,351.37,1.47,1.61,0.3099999999999987
99,2021-06-04,0.0,240.0,18.09,1.28,1.77,74.0,23.840000000000146,0.710000000000008,326.25,1.42,1.54,-1.6699999999999982
100,2021-06-07,0.0,0.0,18.16,1.28,1.76,45.0,-2.819999999999709,-0.289999999999992,365.62,1.41,1.55,-0.9199999999999982
101,2021-06-08,0.0,-91.0,18.13,1.28,1.76,-5.0,-6.550000000000182,0.7599999999999909,441.3,1.39,1.51,0.490000000000002
102,2021-06-09,0.0,29.0,17.95,1.27,1.78,5.0,-13.4399999999996,-0.0500000000000113,410.82,1.34,1.47,0.7100000000000009
103,2021-06-10,0.0,115.0,17.97,1.27,1.77,44.0,10.61999999999989,0.5300000000000011,492.46,1.31,1.42,-2.0799999999999983
104,2021-06-11,0.0,39.0,18.11,1.28,1.76,34.0,4.539999999999964,0.8100000000000023,563.58,1.31,1.44,-0.5299999999999994
105,2021-06-14,0.0,29.0,18.12,1.28,1.76,-15.0,6.839999999999236,0.2299999999999897,319.64,1.35,1.48,0.3500000000000014
106,2021-06-15,0.0,-53.0,18.16,1.29,1.76,-35.0,-8.6899999999996,0.960000000000008,336.04,1.35,1.48,0.75
107,2021-06-16,0.0,-230.0,18.27,1.29,1.74,-89.0,-25.170000000000076,-0.2999999999999971,426.78,1.36,1.53,1.16
108,2021-06-17,0.0,96.0,18.2,1.29,1.75,-9.0,1.4899999999997815,-0.6099999999999994,373.78,1.29,1.48,-0.7399999999999984
109,2021-06-18,0.0,-426.0,18.22,1.29,1.75,-148.0,-38.32999999999993,0.5400000000000063,139.58,1.19,1.4,3.7399999999999984
110,2021-06-21,0.0,225.0,18.06,1.28,1.76,49.0,51.39000000000033,2.140000000000001,123.66,1.23,1.45,-3.849999999999998
111,2021-06-22,0.0,144.0,18.19,1.29,1.75,40.0,21.829999999999927,-0.3499999999999943,29.0,1.23,1.44,-1.25
112,2021-06-23,0.0,67.0,18.26,1.29,1.75,20.0,-7.430000000000291,0.1700000000000017,429.21,1.24,1.45,0.0700000000000002
113,2021-06-24,0.0,167.0,18.32,1.3,1.74,74.0,9.519999999999529,0.019999999999996,334.83,1.23,1.44,-0.0199999999999995
114,2021-06-25,0.0,58.0,18.41,1.3,1.73,74.0,6.25,0.730000000000004,364.72,1.26,1.48,-0.4199999999999999
115,2021-06-28,0.0,24.0,18.4,1.3,1.73,35.0,5.710000000000036,-1.0799999999999983,354.7,1.24,1.44,-0.3100000000000005
116,2021-06-29,0.0,100.0,18.33,1.3,1.74,-10.0,-1.4099999999998545,0.2000000000000028,321.45,1.22,1.45,0.33
117,2021-06-30,0.0,19.0,18.38,1.3,1.73,-30.0,6.850000000000364,0.0,383.63,1.2,1.4,-0.3499999999999996
118,2021-07-01,0.0,-15.0,18.3,1.3,1.74,5.0,19.21000000000004,1.730000000000004,615.68,1.23,1.43,-0.1399999999999988
119,2021-07-02,0.0,177.0,18.3,1.3,1.74,39.0,25.73999999999978,0.1400000000000005,377.53,1.2,1.39,-0.4599999999999991
120,2021-07-06,0.0,-144.0,18.44,1.31,1.73,0.0,-12.920000000000073,-1.9799999999999895,714.04,1.15,1.32,0.6700000000000017
121,2021-07-07,0.0,47.0,18.33,1.3,1.74,-5.0,7.119999999999891,-1.6499999999999917,607.97,1.11,1.28,-0.2300000000000004
122,2021-07-08,0.0,-402.0,18.15,1.29,1.76,-70.0,-0.25,0.769999999999996,529.69,1.11,1.24,1.2600000000000016
123,2021-07-09,0.0,249.0,17.95,1.27,1.78,65.0,40.17000000000007,1.2999999999999972,422.15,1.14,1.31,-1.6999999999999993
124,2021-07-12,0.0,187.0,18.11,1.28,1.76,25.0,12.220000000000256,-0.6400000000000006,397.93,1.15,1.33,-0.6799999999999997
125,2021-07-13,0.0,-144.0,18.25,1.29,1.75,-59.0,-11.859999999999673,1.0699999999999932,444.08,1.16,1.37,0.7300000000000004
126,2021-07-14,0.0,120.0,18.22,1.29,1.75,10.0,-5.809999999999491,-2.0400000000000063,528.36,1.14,1.31,-1.0100000000000016
127,2021-07-15,0.0,-186.0,18.34,1.3,1.74,-84.0,-8.990000000000691,-1.309999999999988,368.68,1.08,1.26,0.3100000000000023
128,2021-07-16,0.0,-359.0,18.31,1.3,1.74,-94.0,-40.27000000000044,0.3299999999999983,133.93,1.06,1.26,1.6499999999999986
129,2021-07-19,0.0,-302.0,18.08,1.29,1.76,-119.0,-37.76999999999953,-5.069999999999993,82.57,0.98,1.14,2.890000000000001
130,2021-07-20,0.0,254.0,18.02,1.28,1.76,80.0,58.10000000000037,0.8200000000000074,29.74,1.03,1.18,-1.16
131,2021-07-21,0.0,240.0,17.94,1.28,1.77,75.0,27.55999999999949,3.8499999999999934,503.03,1.08,1.25,-1.8200000000000005
132,2021-07-22,0.0,67.0,18.11,1.29,1.75,0.0,6.209999999999127,1.6899999999999975,435.18,1.07,1.22,0.1000000000000014
133,2021-07-23,0.0,130.0,18.14,1.29,1.75,65.0,30.600000000000364,0.3599999999999994,274.78,1.08,1.25,0.2199999999999988
134,2021-07-26,0.0,216.0,17.97,1.28,1.77,29.0,12.649999999999636,-0.2700000000000102,395.74,1.07,1.24,-1.0900000000000034
135,2021-07-27,0.0,-72.0,18.01,1.28,1.76,-54.0,-14.920000000000073,-0.5699999999999932,333.12,1.05,1.2,0.7399999999999984
136,2021-07-28,0.0,119.0,18.04,1.28,1.76,64.0,-2.300000000000182,0.4899999999999949,318.91,1.06,1.21,-1.1000000000000014
137,2021-07-29,0.0,-173.0,18.07,1.29,1.76,-40.0,15.55999999999949,1.2199999999999989,294.46,1.08,1.22,-0.2100000000000008
138,2021-07-30,0.0,191.0,17.85,1.27,1.78,75.0,0.1400000000003274,0.5400000000000063,303.7,1.05,1.18,-1.4500000000000028
139,2021-08-02,0.0,-52.0,17.96,1.28,1.77,-20.0,-19.75,-2.6499999999999915,448.2,1.03,1.15,1.3000000000000007
140,2021-08-03,0.0,106.0,18.04,1.28,1.76,29.0,30.40999999999985,-0.9599999999999936,509.94,1.02,1.14,-1.1300000000000026
141,2021-08-04,0.0,-9.0,18.28,1.3,1.74,0.0,-13.269999999999529,-2.1699999999999875,582.92,1.02,1.14,-0.2600000000000015
142,2021-08-05,0.0,-5.0,18.26,1.3,1.74,25.0,20.24000000000069,1.0300000000000011,416.33,1.02,1.18,-0.4499999999999993
143,2021-08-06,0.0,-182.0,18.23,1.3,1.74,-103.0,7.450000000000728,-0.8599999999999994,537.14,1.1,1.25,-1.3100000000000025
144,2021-08-09,0.0,139.0,18.43,1.31,1.72,-45.0,-5.420000000000073,-1.3999999999999917,598.38,1.1,1.27,-0.4000000000000021
145,2021-08-10,0.0,-111.0,18.34,1.3,1.73,-45.0,0.9600000000000364,1.440000000000012,452.13,1.12,1.31,-0.0300000000000011
146,2021-08-11,0.0,-9.0,18.31,1.31,1.73,-5.0,5.519999999999527,0.7399999999999949,513.29,1.12,1.3,-0.75
147,2021-08-12,0.0,-96.0,18.24,1.3,1.73,-25.0,14.760000000000218,-0.269999999999996,352.47,1.13,1.3,-0.7399999999999984
148,2021-08-13,0.0,38.0,18.02,1.29,1.75,0.0,3.1599999999998545,-0.4699999999999988,272.03,1.06,1.23,-0.2300000000000004
149,2021-08-17,0.0,14.0,17.86,1.28,1.77,-55.0,-14.039999999999964,-0.8400000000000034,235.3,1.03,1.19,0.6000000000000014
150,2021-08-18,0.0,-307.0,17.94,1.28,1.76,-109.0,-40.66999999999916,-1.1200000000000043,121.2,1.04,1.2,4.010000000000002
151,2021-08-19,0.0,154.0,17.6,1.26,1.79,94.0,23.360000000000586,-0.8900000000000006,88.24,1.02,1.18,-1.4499999999999993
152,2021-08-20,0.0,263.0,17.39,1.24,1.81,118.0,31.109999999999676,-1.7299999999999969,24.63,1.03,1.21,-4.18
153,2021-08-23,0.0,321.0,17.57,1.26,1.8,119.0,29.25,3.68,397.29,1.02,1.2,-1.6799999999999995
154,2021-08-24,0.0,106.0,17.84,1.28,1.77,35.0,1.8299999999999272,2.0,335.89,1.05,1.24,0.259999999999998
155,2021-08-25,0.0,62.0,17.89,1.28,1.76,20.0,5.739999999999782,0.730000000000004,353.74,1.12,1.29,-0.6300000000000026
156,2021-08-26,0.0,-144.0,17.78,1.27,1.77,-69.0,-23.840000000000146,-0.5799999999999983,344.29,1.09,1.29,1.379999999999999
157,2021-08-27,0.0,393.0,17.82,1.27,1.77,104.0,35.26999999999953,0.9899999999999948,326.06,1.09,1.26,-1.5599999999999987
158,2021-08-30,0.0,33.0,17.88,1.28,1.77,-10.0,15.029999999999744,-0.0900000000000034,360.8,1.09,1.24,-0.5799999999999983
159,2021-08-31,0.0,-48.0,18.2,1.3,1.73,-80.0,-7.069999999999709,-0.6800000000000068,325.85,1.1,1.26,0.5
160,2021-09-01,0.0,-82.0,18.24,1.3,1.73,-50.0,-4.710000000000036,0.0400000000000062,399.5,1.11,1.26,0.0500000000000007
161,2021-09-02,0.0,125.0,18.1,1.29,1.74,10.0,2.4700000000002547,1.6999999999999886,403.31,1.09,1.24,0.1400000000000005
162,2021-09-03,0.0,44.0,18.24,1.3,1.73,-5.0,3.0100000000002183,-0.4699999999999988,313.09,1.12,1.28,0.1400000000000005
163,2021-09-07,0.0,-144.0,18.16,1.3,1.74,-65.0,-15.350000000000364,-0.7600000000000051,481.7,1.16,1.33,1.1999999999999993
164,2021-09-08,0.0,-125.0,18.02,1.29,1.75,-74.0,-4.020000000000437,0.9299999999999926,389.33,1.13,1.3,-1.009999999999998
165,2021-09-09,0.0,72.0,14.82,1.23,1.77,-25.0,-19.74000000000069,-1.2199999999999989,556.45,1.07,1.26,-0.6400000000000006
166,2021-09-10,0.0,-144.0,14.87,1.23,1.77,-69.0,-48.34000000000015,1.75,411.08,1.12,1.3,3.009999999999998
167,2021-09-13,0.0,149.0,14.89,1.23,1.77,20.0,-6.080000000000837,0.710000000000008,390.94,1.12,1.27,-0.2699999999999996
168,2021-09-14,0.0,9.0,14.99,1.24,1.75,-15.0,-36.27999999999975,-0.1800000000000068,414.23,1.07,1.24,-0.1199999999999974
169,2021-09-15,0.0,158.0,15.01,1.24,1.75,45.0,33.21000000000004,1.8499999999999943,418.67,1.1,1.27,-1.120000000000001
170,2021-09-16,0.0,-139.0,14.91,1.23,1.76,15.0,-3.3299999999999272,-0.0400000000000062,298.41,1.11,1.3,0.2800000000000011
171,2021-09-17,0.0,-240.0,14.95,1.24,1.76,-30.0,-36.75,-0.6500000000000057,119.93,1.14,1.33,2.4399999999999977
172,2021-09-23,0.0,187.0,15.0,1.23,1.76,59.0,42.22999999999956,1.3299999999999983,403.41,1.14,1.38,-1.2800000000000011
173,2021-09-24,0.0,5.0,14.99,1.23,1.76,-30.0,17.4399999999996,0.7400000000000091,350.38,1.18,1.44,-1.5799999999999983
174,2021-09-27,0.0,-28.0,15.03,1.24,1.75,-44.0,0.9899999999997816,1.2600000000000051,417.83,1.17,1.44,0.9800000000000004
175,2021-09-28,0.0,-470.0,14.86,1.22,1.77,-198.0,-66.90999999999985,-0.1400000000000005,476.14,1.23,1.5,3.5100000000000016
176,2021-09-29,0.0,-72.0,14.68,1.21,1.8,-20.0,-2.949999999999818,0.4500000000000028,424.19,1.25,1.51,0.4899999999999984
177,2021-09-30,0.0,-215.0,14.72,1.21,1.79,-138.0,-63.13000000000011,0.25,583.19,1.24,1.48,1.66
178,2021-10-01,0.0,-345.0,14.48,1.19,1.82,-144.0,39.89000000000033,0.7599999999999909,389.0,1.21,1.44,-3.6300000000000026
179,2021-10-05,0.0,192.0,14.21,1.17,1.86,69.0,35.850000000000364,1.3500000000000083,449.62,1.26,1.5,-1.620000000000001
180,2021-10-06,0.0,326.0,13.95,1.15,1.89,183.0,43.98000000000047,-1.6099999999999994,459.06,1.23,1.49,-1.9499999999999995
181,2021-10-07,0.0,163.0,14.2,1.17,1.86,69.0,16.030000000000655,1.2999999999999972,545.01,1.26,1.53,-1.0
182,2021-10-08,0.0,-115.0,14.18,1.17,1.86,-84.0,-15.150000000000546,0.4899999999999949,662.01,1.29,1.56,-0.6900000000000013
183,2021-10-12,0.0,-28.0,13.99,1.15,1.88,-10.0,-17.670000000000073,0.1400000000000005,598.18,1.24,1.53,-0.7699999999999996
184,2021-10-13,0.0,211.0,14.12,1.16,1.87,153.0,5.789999999999964,-0.1400000000000005,487.22,1.19,1.51,-1.5
185,2021-10-14,0.0,259.0,14.34,1.18,1.84,99.0,51.47999999999956,0.7199999999999989,399.81,1.16,1.47,-1.150000000000002
186,2021-10-15,0.0,43.0,14.47,1.19,1.82,5.0,23.68000000000029,0.7999999999999972,277.95,1.18,1.54,-0.3399999999999998
187,2021-10-18,0.0,269.0,14.43,1.19,1.83,69.0,22.75999999999931,-0.1599999999999966,134.1,1.15,1.53,-0.9800000000000004
188,2021-10-19,0.0,149.0,14.54,1.2,1.81,44.0,22.289999999999964,0.5899999999999892,82.61,1.24,1.6,-0.3900000000000005
189,2021-10-20,0.0,48.0,14.46,1.19,1.82,5.0,11.769999999999529,0.5300000000000011,25.72,1.25,1.6,-0.33
190,2021-10-21,0.0,-48.0,14.43,1.19,1.83,0.0,17.539999999999964,-1.0799999999999983,567.5,1.23,1.62,-1.049999999999999
191,2021-10-22,0.0,-95.0,14.43,1.19,1.83,-20.0,-1.2200000000002549,1.1500000000000057,465.36,1.18,1.6,0.08
192,2021-10-25,0.0,211.0,14.5,1.19,1.82,89.0,12.789999999999964,-0.2199999999999988,568.73,1.17,1.58,-0.9000000000000004
193,2021-10-26,0.0,-120.0,14.63,1.2,1.8,0.0,-3.899999999999636,0.9300000000000068,467.72,1.16,1.57,0.9600000000000009
194,2021-10-27,0.0,-29.0,14.52,1.19,1.82,-34.0,-28.539999999999964,-1.730000000000004,529.95,1.04,1.48,1.1900000000000013
195,2021-10-28,0.0,158.0,14.44,1.19,1.83,84.0,33.57999999999993,0.5600000000000023,491.59,1.07,1.51,-0.5299999999999976
196,2021-10-29,0.0,312.0,14.25,1.17,1.85,94.0,32.51000000000022,0.4799999999999897,507.31,1.07,1.5,-1.139999999999997
197,2021-11-01,0.0,202.0,14.3,1.18,1.84,0.0,3.050000000000182,0.6899999999999977,412.31,1.08,1.53,-0.4400000000000013
198,2021-11-02,0.0,149.0,14.46,1.19,1.82,15.0,17.30999999999949,0.039999999999992,429.61,1.1,1.51,-0.509999999999998
199,2021-11-03,0.0,356.0,14.29,1.17,1.85,168.0,29.920000000000076,-2.2099999999999937,546.58,1.13,1.55,-1.0099999999999998
200,2021-11-04,0.0,279.0,14.5,1.19,1.82,113.0,17.13000000000011,-1.3700000000000043,701.12,1.12,1.49,0.379999999999999
201,2021-11-05,0.0,72.0,14.43,1.19,1.83,-54.0,-1.730000000000473,1.8999999999999917,531.05,1.06,1.4,0.8900000000000006
202,2021-11-08,0.0,10.0,14.39,1.18,1.83,-45.0,0.2200000000002546,0.8000000000000114,393.95,1.06,1.45,-0.0100000000000015
203,2021-11-09,0.0,-211.0,14.4,1.18,1.83,-99.0,-22.0,1.990000000000009,504.83,1.05,1.42,0.3500000000000014
204,2021-11-10,0.0,-250.0,14.24,1.17,1.85,-54.0,-23.550000000000185,-3.1899999999999977,555.22,1.05,1.51,0.990000000000002
205,2021-11-11,0.0,250.0,14.21,1.17,1.85,44.0,-10.11999999999989,0.1800000000000068,475.44,1.05,1.51,-0.6799999999999997
206,2021-11-12,0.0,255.0,14.43,1.19,1.83,60.0,27.610000000000586,-0.4199999999999875,390.3,1.05,1.53,-1.1999999999999993
207,2021-11-15,0.0,-14.0,14.58,1.2,1.81,-65.0,-6.489999999999782,0.2199999999999988,343.48,1.1,1.58,-0.5400000000000027
208,2021-11-16,0.0,72.0,14.59,1.2,1.81,30.0,21.479999999999563,-0.1700000000000017,325.67,1.09,1.58,-0.4899999999999984
209,2021-11-17,0.0,-154.0,14.42,1.19,1.83,20.0,-12.829999999999927,-2.180000000000007,174.47,1.08,1.55,0.75
210,2021-11-19,0.0,202.0,14.46,1.19,1.82,-15.0,-10.479999999999563,-2.660000000000011,30.7,1.02,1.49,0.5500000000000007
211,2021-11-22,0.0,-63.0,14.67,1.21,1.8,-109.0,-29.050000000000185,1.0,465.77,1.0,1.58,0.9700000000000024
212,2021-11-23,0.0,111.0,14.59,1.2,1.81,0.0,12.220000000000256,2.0400000000000063,506.99,1.07,1.61,-0.8599999999999994
213,2021-11-24,0.0,24.0,14.57,1.2,1.81,-35.0,25.68000000000029,-0.0900000000000034,328.85,1.0,1.58,-0.5900000000000034
214,2021-11-26,0.0,-380.0,14.29,1.17,1.84,-139.0,-70.01000000000022,-10.189999999999998,844.63,0.98,1.42,2.0
215,2021-11-29,0.0,322.0,14.17,1.16,1.86,59.0,26.52000000000044,0.7199999999999989,675.09,1.01,1.46,-2.349999999999998
216,2021-11-30,0.0,110.0,13.77,1.13,1.92,99.0,-73.25,-3.86,722.48,0.91,1.38,0.9600000000000009
217,2021-12-01,0.0,-240.0,14.07,1.16,1.87,-119.0,-89.77999999999975,-1.440000000000012,602.45,0.87,1.37,6.199999999999999
218,2021-12-02,0.0,-125.0,14.29,1.17,1.85,0.0,72.3700000000008,0.8700000000000045,668.29,0.81,1.39,-1.490000000000002
219,2021-12-03,0.0,-125.0,14.4,1.18,1.83,-104.0,-51.05999999999949,-1.2399999999999949,449.97,0.75,1.29,3.7200000000000015
220,2021-12-06,0.0,38.0,14.43,1.19,1.83,59.0,43.30000000000018,2.469999999999999,401.06,0.78,1.38,-1.8099999999999987
221,2021-12-07,0.0,332.0,14.52,1.19,1.82,119.0,54.77999999999975,2.3299999999999983,496.53,0.78,1.42,-2.6899999999999977
222,2021-12-08,0.0,-48.0,14.57,1.2,1.81,-39.0,10.350000000000364,0.5,464.85,0.84,1.45,-1.84
223,2021-12-09,0.0,-135.0,14.71,1.21,1.79,-40.0,-23.550000000000185,-1.5799999999999983,393.21,0.79,1.43,1.2699999999999996
224,2021-12-10,0.0,188.0,14.62,1.2,1.8,44.0,24.38000000000011,0.9899999999999948,397.88,0.81,1.42,-2.5799999999999983
225,2021-12-13,0.0,-226.0,12.82,1.15,1.81,-75.0,-41.15000000000055,-0.75,406.6,0.76,1.37,1.0199999999999996
226,2021-12-14,0.0,-168.0,12.76,1.15,1.82,-49.0,-8.899999999999636,-0.3900000000000005,359.45,0.77,1.39,2.219999999999999
227,2021-12-15,0.0,307.0,12.77,1.15,1.82,169.0,73.38000000000011,0.5200000000000102,294.34,0.78,1.42,-2.3100000000000023
228,2021-12-16,0.0,-231.0,12.84,1.15,1.81,-129.0,-50.46000000000004,0.8999999999999915,142.54,0.8,1.39,2.0100000000000016
229,2021-12-17,0.0,-192.0,12.89,1.16,1.8,-35.0,-31.859999999999676,-1.0600000000000025,78.13,0.75,1.36,0.870000000000001
230,2021-12-20,0.0,197.0,12.65,1.14,1.83,99.0,-19.8799999999992,-1.8399999999999888,36.73,0.78,1.36,-3.02
231,2021-12-21,0.0,216.0,12.7,1.14,1.82,129.0,54.26999999999953,1.9100000000000108,358.78,0.78,1.41,-1.2699999999999996
232,2021-12-22,0.0,207.0,12.74,1.14,1.82,60.0,46.20000000000073,1.490000000000009,306.71,0.78,1.38,-2.41
233,2021-12-23,0.0,149.0,12.8,1.15,1.81,34.0,21.81999999999971,0.7600000000000051,270.22,0.79,1.43,-0.8499999999999979
234,2021-12-27,0.0,153.0,12.8,1.15,1.81,267.0,57.19999999999982,2.1899999999999977,268.49,0.72,1.42,-1.6900000000000013
235,2021-12-28,0.0,0.0,12.89,1.16,1.8,-10.0,-9.13000000000011,0.0100000000000051,249.73,0.75,1.43,-0.240000000000002
236,2021-12-29,0.0,29.0,12.78,1.15,1.81,25.0,4.420000000000073,0.519999999999996,283.56,0.8,1.5,-0.6799999999999997
237,2021-12-30,0.0,173.0,12.72,1.14,1.82,0.0,-15.5,0.4099999999999966,231.16,0.79,1.47,0.0299999999999975
238,2022-01-04,0.0,-86.0,12.76,1.15,1.82,-89.0,-10.970000000000256,0.9699999999999988,372.85,0.89,1.58,0.3399999999999998
239,2022-01-05,0.0,-259.0,12.61,1.13,1.84,-153.0,-87.40999999999985,0.6699999999999875,397.9,0.88,1.62,2.66
240,2022-01-06,0.0,240.0,12.47,1.12,1.86,138.0,2.6599999999998545,2.219999999999999,476.67,0.85,1.63,-0.6799999999999997
241,2022-01-07,0.0,-44.0,12.62,1.13,1.84,-119.0,-20.639999999999414,-0.7199999999999989,414.43,0.89,1.66,-1.09
242,2022-01-10,0.0,58.0,12.51,1.12,1.85,44.0,14.949999999999818,-0.6499999999999915,389.96,0.86,1.65,-0.1799999999999997
243,2022-01-11,0.0,255.0,12.51,1.12,1.85,148.0,43.92999999999938,2.799999999999997,481.82,0.85,1.64,-1.2100000000000009
244,2022-01-12,0.0,48.0,12.7,1.14,1.83,-30.0,-2.2399999999997817,1.2600000000000051,420.62,0.82,1.62,-0.5500000000000007
245,2022-01-13,0.0,-303.0,12.66,1.14,1.83,-208.0,-74.53999999999996,-0.6999999999999886,364.77,0.79,1.58,2.25
246,2022-01-14,0.0,0.0,12.48,1.12,1.86,25.0,24.860000000000586,2.089999999999989,364.44,0.79,1.65,-0.9199999999999982
247,2022-01-18,0.0,-255.0,12.23,1.1,1.9,-183.0,-54.89999999999964,1.1100000000000136,163.64,0.81,1.71,1.6099999999999994
248,2022-01-19,0.0,5.0,12.14,1.09,1.91,-5.0,-55.26999999999953,0.3499999999999943,113.15,0.79,1.66,0.7300000000000004
249,2022-01-20,0.0,-351.0,12.23,1.1,1.9,-158.0,-64.6200000000008,0.6700000000000017,30.39,0.75,1.66,2.129999999999999
250,2022-01-21,0.0,-106.0,12.11,1.09,1.92,-54.0,-73.44999999999982,0.5700000000000074,509.1,0.74,1.58,3.4700000000000024
251,2022-01-24,0.0,-91.0,11.93,1.07,1.94,90.0,53.8100000000004,-1.5999999999999943,511.7,0.76,1.56,1.6999999999999993
252,2022-01-25,0.0,120.0,11.62,1.04,2.0,65.0,-10.19000000000051,1.4499999999999886,507.22,0.76,1.59,-1.129999999999999
253,2022-01-26,0.0,87.0,11.57,1.04,2.0,84.0,-58.5,2.089999999999989,459.64,0.72,1.66,2.6099999999999994
254,2022-01-27,0.0,183.0,11.16,1.0,2.08,74.0,-54.07999999999993,-0.5400000000000063,427.8,0.63,1.61,-1.6999999999999993
255,2022-01-28,0.0,602.0,12.14,1.08,1.92,223.0,95.66000000000076,-0.6800000000000068,436.17,0.63,1.59,-2.6099999999999994
256,2022-02-03,0.0,96.0,12.34,1.1,1.88,-10.0,-57.970000000000255,2.289999999999992,465.77,0.63,1.62,1.7200000000000024
257,2022-02-04,0.0,-72.0,12.53,1.12,1.86,-30.0,17.75,2.1200000000000045,410.93,0.62,1.7,-0.5500000000000007
258,2022-02-07,0.0,279.0,12.51,1.12,1.86,29.0,-21.88000000000011,-0.5,497.75,0.62,1.65,-1.2300000000000004
259,2022-02-08,0.0,317.0,12.52,1.12,1.86,109.0,41.51999999999953,-2.280000000000001,467.39,0.61,1.71,-1.6499999999999986
260,2022-02-09,0.0,216.0,12.62,1.13,1.84,34.0,40.18000000000029,-0.2000000000000028,445.62,0.58,1.68,-1.3099999999999987
261,2022-02-10,0.0,-327.0,12.64,1.13,1.84,-228.0,-49.17999999999938,-0.1300000000000096,492.09,0.42,1.63,3.539999999999999
262,2022-02-11,0.0,-356.0,12.53,1.12,1.86,-114.0,-87.63000000000011,3.0999999999999943,554.42,0.42,1.56,2.969999999999999
263,2022-02-14,0.0,106.0,12.33,1.1,1.89,10.0,-10.9399999999996,1.5499999999999972,467.07,0.4,1.55,-0.8400000000000034
264,2022-02-15,0.0,385.0,12.2,1.09,1.91,233.0,41.78999999999997,-2.760000000000005,442.64,0.47,1.65,-2.390000000000001
265,2022-02-16,0.0,110.0,12.44,1.11,1.87,-24.0,19.26000000000022,1.4500000000000028,401.45,0.51,1.65,-0.9000000000000021
266,2022-02-17,0.0,-381.0,12.51,1.12,1.86,-169.0,-75.80000000000018,0.8599999999999994,212.55,0.48,1.61,3.280000000000001
267,2022-02-18,0.0,-429.0,12.51,1.12,1.86,-218.0,-35.69999999999982,-0.5600000000000023,150.38,0.45,1.57,1.09
268,2022-02-22,0.0,250.0,12.34,1.1,1.88,129.0,-28.0,0.5999999999999943,40.75,0.38,1.57,-2.990000000000002
269,2022-02-23,0.0,-433.0,12.39,1.11,1.88,-133.0,-99.43000000000028,0.3599999999999994,440.57,0.41,1.65,2.9800000000000004
270,2022-02-24,0.0,323.0,12.07,1.08,1.93,238.0,132.92999999999938,0.2900000000000062,872.24,0.42,1.64,-7.18
271,2022-02-25,0.0,-226.0,12.2,1.09,1.91,-124.0,86.23999999999978,-1.7299999999999898,523.79,0.42,1.64,-4.09
272,2022-02-28,0.0,19.0,12.32,1.1,1.89,-45.0,19.61999999999989,0.730000000000004,490.8,0.39,1.48,-2.289999999999999
273,2022-03-02,0.0,328.0,12.34,1.1,1.88,84.0,63.97999999999956,3.4799999999999898,651.85,0.36,1.52,-3.4600000000000044
274,2022-03-03,0.0,-135.0,12.54,1.12,1.85,-94.0,-37.82000000000062,-3.6599999999999966,592.03,0.33,1.48,-0.0399999999999991
275,2022-03-04,0.0,-554.0,12.39,1.11,1.88,-213.0,-13.25,7.720000000000013,493.88,0.24,1.4,0.0800000000000018
276,2022-03-07,0.0,-434.0,12.1,1.08,1.92,-213.0,-125.92000000000009,-1.9299999999999928,576.02,0.23,1.4,0.5700000000000003
277,2022-03-08,0.0,683.0,11.97,1.07,1.94,332.0,-32.039999999999964,3.030000000000001,583.11,0.23,1.5,-1.0599999999999952
278,2022-03-10,0.0,-101.0,12.23,1.09,1.9,40.0,6.970000000000255,-4.390000000000001,437.92,0.26,1.59,-2.8000000000000007
279,2022-03-11,0.0,-39.0,12.15,1.08,1.91,15.0,-75.1899999999996,3.3400000000000034,368.19,0.25,1.6,0.3200000000000003
280,2022-03-14,0.0,-111.0,12.07,1.08,1.93,-54.0,-29.640000000000327,-6.409999999999997,344.18,0.27,1.69,0.7399999999999984
281,2022-03-15,0.0,356.0,11.97,1.07,1.94,193.0,73.63000000000011,-5.840000000000003,401.69,0.3,1.69,-3.3000000000000043
282,2022-03-16,0.0,582.0,12.14,1.08,1.92,228.0,69.80999999999949,-0.1899999999999977,293.95,0.24,1.75,-2.349999999999998
283,2022-03-17,0.0,-97.0,12.3,1.1,1.89,-5.0,66.5600000000004,7.640000000000001,210.76,0.26,1.8,-0.8399999999999999
284,2022-03-18,0.0,178.0,12.36,1.1,1.88,65.0,55.75,1.0799999999999983,74.25,0.17,1.72,-2.4899999999999984
285,2022-03-21,0.0,0.0,12.26,1.09,1.9,-44.0,-1.2199999999993452,6.990000000000009,77.22,0.18,1.78,-1.6099999999999994
286,2022-03-22,0.0,198.0,12.37,1.1,1.88,114.0,42.50999999999931,-1.1400000000000006,22.94,0.2,1.87,-1.0799999999999983
287,2022-03-23,0.0,-245.0,12.48,1.11,1.86,-124.0,-36.8700000000008,6.0800000000000125,289.18,0.19,1.82,0.5300000000000011
288,2022-03-24,0.0,154.0,12.45,1.11,1.87,75.0,50.18000000000029,-2.1299999999999955,307.24,0.21,1.82,-1.9399999999999975
289,2022-03-25,0.0,-115.0,12.46,1.11,1.87,-74.0,20.13000000000011,2.1500000000000057,320.3,0.18,1.93,-1.0600000000000025
290,2022-03-28,0.0,183.0,12.46,1.11,1.87,99.0,34.43000000000029,-6.960000000000008,372.25,0.11,1.87,-2.5100000000000016
291,2022-03-29,0.0,236.0,12.51,1.12,1.86,79.0,28.74000000000069,0.769999999999996,387.2,0.06,1.86,-0.8000000000000007
292,2022-03-30,0.0,-24.0,12.54,1.12,1.85,-50.0,-21.75,2.5799999999999983,284.54,0.04,1.8,-0.0500000000000007
293,2022-03-31,0.0,-149.0,12.58,1.12,1.85,-79.0,-68.61000000000058,-7.170000000000002,450.85,0.04,1.8,0.879999999999999
294,2022-04-01,0.0,-68.0,12.5,1.12,1.86,-30.0,5.539999999999964,-1.960000000000008,324.78,-0.05,1.86,-0.990000000000002
295,2022-04-04,0.0,140.0,12.59,1.12,1.85,45.0,34.67000000000007,4.329999999999998,288.13,-0.01,1.76,-2.18
296,2022-04-05,0.0,-227.0,12.59,1.12,1.85,-168.0,-47.32999999999993,-1.7000000000000028,280.28,0.03,1.89,2.240000000000002
297,2022-04-06,0.0,-164.0,12.48,1.11,1.86,-114.0,-13.020000000000437,-5.009999999999991,366.04,0.11,1.94,0.8300000000000018
298,2022-04-07,0.0,72.0,12.3,1.1,1.89,45.0,25.5600000000004,-1.1299999999999957,367.32,0.19,1.98,-0.4199999999999981
299,2022-04-08,0.0,-135.0,12.32,1.1,1.89,-90.0,-5.869999999999891,1.0900000000000034,310.08,0.19,2.02,-0.0899999999999998
300,2022-04-11,0.0,-241.0,12.29,1.1,1.89,-109.0,-50.11000000000058,-4.109999999999999,315.87,0.29,2.02,1.2800000000000011
301,2022-04-12,0.0,97.0,12.17,1.09,1.91,45.0,-40.14000000000033,5.429999999999993,329.04,0.33,1.98,-0.6799999999999997
302,2022-04-13,0.0,-10.0,12.4,1.11,1.88,0.0,52.28999999999997,3.3400000000000034,312.5,0.33,1.95,-1.6999999999999993
303,2022-04-14,0.0,-227.0,12.4,1.11,1.88,-104.0,-56.52999999999975,2.75,244.95,0.36,2.04,0.9800000000000004
304,2022-04-18,0.0,139.0,12.29,1.1,1.89,90.0,6.059999999999491,1.1799999999999926,68.49,0.39,2.04,-2.349999999999998
305,2022-04-19,0.0,10.0,12.41,1.11,1.87,-20.0,71.57999999999993,-5.189999999999998,71.79,0.32,2.12,-1.1799999999999995
306,2022-04-20,0.0,111.0,12.41,1.11,1.87,69.0,-12.8100000000004,-0.2999999999999971,17.02,0.25,2.03,-0.8099999999999987
307,2022-04-21,0.0,-313.0,12.45,1.11,1.87,-159.0,-95.51000000000022,1.2900000000000065,280.32,0.22,2.07,2.4400000000000013
308,2022-04-22,0.0,-375.0,12.34,1.1,1.88,-163.0,-114.05000000000018,-2.0,246.12,0.18,2.07,5.5
309,2022-04-25,0.0,140.0,12.12,1.08,1.92,109.0,40.77999999999975,-2.839999999999989,328.15,0.18,1.9,-3.02
310,2022-04-26,0.0,-462.0,12.18,1.09,1.91,-277.0,-102.94000000000052,3.0600000000000023,351.85,0.23,1.94,6.140000000000004
311,2022-04-27,0.0,205.0,12.04,1.07,1.93,69.0,-2.5600000000004,0.2599999999999909,278.78,0.24,2.0,0.490000000000002
312,2022-04-28,0.0,25.0,12.17,1.09,1.91,10.0,64.92000000000007,3.25,312.06,0.22,2.03,0.0799999999999983
313,2022-04-29,0.0,-400.0,12.3,1.1,1.89,-195.0,-121.81999999999972,-0.480000000000004,294.39,0.19,2.04,4.43
314,2022-05-02,0.0,5.0,11.13,1.08,1.85,45.0,24.77000000000044,1.1700000000000017,261.88,0.26,2.09,-1.009999999999998
315,2022-05-03,0.0,157.0,11.1,1.07,1.85,29.0,15.699999999999818,-2.6700000000000017,239.27,0.19,2.06,-2.5100000000000016
316,2022-05-04,0.0,-356.0,11.09,1.07,1.85,-149.0,118.98999999999978,4.310000000000002,272.91,0.27,2.04,-3.6999999999999993
317,2022-05-06,0.0,-137.0,10.95,1.06,1.88,-95.0,-4.829999999999927,1.0699999999999932,294.28,0.4,2.27,-2.039999999999996
318,2022-05-09,0.0,-254.0,10.81,1.05,1.9,-199.0,-90.0300000000002,-7.340000000000003,368.18,0.44,2.13,2.8500000000000014
319,2022-05-10,0.0,-176.0,10.75,1.04,1.91,-104.0,-34.129999999999654,-2.890000000000001,389.75,0.37,2.1,-0.6699999999999946
320,2022-05-11,0.0,-342.0,10.74,1.04,1.92,-214.0,-54.90000000000009,6.709999999999994,382.7,0.25,2.0,-0.3099999999999951
321,2022-05-12,0.0,200.0,10.56,1.02,1.95,94.0,26.13000000000011,0.5,323.55,0.28,1.88,-1.9700000000000024
322,2022-05-13,0.0,240.0,10.79,1.04,1.91,124.0,59.98999999999978,3.839999999999989,240.99,0.32,1.9,-2.219999999999999
323,2022-05-16,0.0,53.0,10.75,1.04,1.91,10.0,-5.009999999999764,3.219999999999999,289.13,0.3,1.81,-2.5400000000000027
324,2022-05-17,0.0,180.0,10.85,1.05,1.9,70.0,36.84999999999991,-1.4699999999999989,252.63,0.27,1.92,-0.9699999999999988
325,2022-05-18,0.0,-727.0,10.87,1.05,1.89,-353.0,-128.30000000000018,-4.069999999999993,103.67,0.21,1.86,4.220000000000002
326,2022-05-19,0.0,142.0,10.73,1.04,1.92,95.0,1.7899999999999636,3.1199999999999903,68.51,0.21,1.79,-1.889999999999997
327,2022-05-20,0.0,147.0,10.93,1.06,1.88,74.0,-26.40000000000009,1.7800000000000011,20.0,0.18,1.75,0.6499999999999986
328,2022-05-23,0.0,-147.0,10.96,1.06,1.88,-84.0,54.32999999999993,-0.269999999999996,215.62,0.21,1.79,-0.5
329,2022-05-24,0.0,205.0,10.79,1.04,1.91,99.0,-1.4600000000000364,-0.6400000000000006,224.79,0.26,1.7,0.0199999999999995
330,2022-05-25,0.0,0.0,10.83,1.05,1.9,5.0,49.13999999999987,-0.0600000000000022,191.37,0.27,1.69,-0.9599999999999972
331,2022-05-26,0.0,347.0,10.81,1.05,1.9,170.0,73.24000000000024,3.4000000000000057,234.75,0.29,1.68,-0.9200000000000016
332,2022-05-27,0.0,371.0,10.92,1.06,1.88,165.0,80.80999999999995,0.8699999999999903,217.28,0.27,1.66,-1.7800000000000011
333,2022-05-31,0.0,-195.0,11.12,1.08,1.85,-69.0,-18.94000000000051,-0.289999999999992,440.8,0.32,1.69,-1.2799999999999976
334,2022-06-02,0.0,293.0,11.01,1.06,1.87,169.0,81.40999999999985,2.0700000000000074,327.6,0.27,1.75,-1.0100000000000016
335,2022-06-03,0.0,-166.0,11.06,1.07,1.86,-40.0,-29.029999999999745,1.3200000000000074,240.83,0.3,1.75,-0.120000000000001
336,2022-06-07,0.0,24.0,10.87,1.05,1.89,75.0,64.21000000000004,0.3100000000000023,341.69,0.23,1.72,-1.5199999999999996
337,2022-06-08,0.0,-117.0,10.87,1.05,1.89,-25.0,-31.34999999999945,2.319999999999993,340.59,0.25,1.75,-0.4100000000000001
338,2022-06-09,0.0,-263.0,11.44,1.04,1.89,-135.0,-83.82999999999947,-0.9200000000000016,293.3,0.21,1.74,1.8000000000000007
339,2022-06-10,0.0,-684.0,11.31,1.02,1.91,-334.0,-73.52999999999975,-0.789999999999992,352.91,0.09,1.76,1.4899999999999984
340,2022-06-13,0.0,-576.0,10.91,0.99,1.98,-144.0,-88.51999999999998,0.7400000000000091,372.4,0.03,1.7,2.650000000000002
341,2022-06-14,0.0,-63.0,10.86,0.98,1.99,-45.0,-28.039999999999964,-2.1599999999999966,366.32,0.04,1.66,-0.3200000000000003
342,2022-06-15,0.0,400.0,10.66,0.96,2.03,200.0,25.9399999999996,-3.759999999999991,301.75,0.13,1.59,-2.77
343,2022-06-16,0.0,-571.0,10.68,0.97,2.03,-184.0,-61.409999999999854,1.6099999999999994,162.54,0.14,1.69,2.6000000000000014
344,2022-06-17,0.0,210.0,10.63,0.96,2.03,125.0,8.940000000000055,-7.519999999999996,103.15,0.08,1.62,-1.7100000000000044
345,2022-06-21,0.0,112.0,10.5,0.95,2.06,45.0,49.48000000000002,0.0700000000000073,28.46,0.1,1.61,-0.4399999999999977
346,2022-06-22,0.0,-20.0,10.21,0.92,2.12,25.0,26.0,-3.3500000000000085,432.72,0.1,1.55,-2.5
347,2022-06-23,0.0,157.0,10.08,0.91,2.15,100.0,21.019999999999985,-0.1500000000000056,346.36,0.08,1.44,-0.2399999999999984
348,2022-06-24,0.0,230.0,10.31,0.93,2.1,124.0,89.98999999999978,3.6300000000000097,321.59,0.09,1.4,-1.84
349,2022-06-27,0.0,39.0,10.47,0.95,2.07,-25.0,-20.65000000000009,2.3499999999999943,282.91,0.12,1.41,-1.3500000000000014
350,2022-06-28,0.0,-366.0,10.56,0.96,2.05,-189.0,-91.44999999999982,1.5799999999999983,306.75,0.1,1.41,1.4600000000000009
351,2022-06-29,0.0,-113.0,10.37,0.94,2.09,-24.0,-6.260000000000218,-2.0799999999999983,322.06,0.04,1.32,-0.6400000000000006
352,2022-06-30,0.0,171.0,10.17,0.92,2.13,95.0,-0.6099999999996726,-3.9399999999999977,362.89,0.06,1.26,-0.7100000000000009
353,2022-07-01,0.0,10.0,10.05,0.91,2.15,65.0,44.32999999999993,2.4200000000000017,305.34,0.04,1.15,-2.830000000000002
354,2022-07-05,0.0,-240.0,10.21,0.92,2.12,-35.0,38.77999999999975,-9.299999999999995,594.22,0.0,0.92,0.1699999999999981
355,2022-07-06,0.0,235.0,9.99,0.9,2.17,110.0,13.099999999999907,-1.8299999999999983,444.11,-0.04,1.03,-1.1099999999999994
356,2022-07-07,0.0,220.0,10.18,0.92,2.13,125.0,43.76999999999998,4.510000000000005,379.86,-0.02,1.06,-0.6500000000000021
357,2022-07-08,0.0,68.0,10.25,0.93,2.11,15.0,11.11999999999989,2.5700000000000074,327.46,-0.03,1.11,-1.7699999999999996
358,2022-07-11,0.0,-122.0,10.2,0.92,2.12,-115.0,-26.51000000000022,-0.7000000000000028,348.57,-0.08,0.81,-0.25
359,2022-07-12,0.0,73.0,10.11,0.91,2.14,25.0,-33.14999999999964,-7.61999999999999,398.55,-0.07,0.74,0.1499999999999985
360,2022-07-13,0.0,-224.0,10.15,0.92,2.13,-65.0,22.110000000000127,0.4099999999999966,347.19,-0.22,0.52,-0.5300000000000011
361,2022-07-14,0.0,185.0,10.13,0.92,2.14,89.0,26.390000000000327,-0.789999999999992,387.53,-0.19,0.56,-1.0700000000000005
362,2022-07-15,0.0,303.0,10.17,0.92,2.13,154.0,45.159999999999854,1.2000000000000028,240.77,-0.2,0.56,-2.4899999999999984
363,2022-07-18,0.0,-122.0,10.36,0.94,2.09,-79.0,-52.940000000000055,5.329999999999998,84.67,-0.19,0.46,0.4700000000000024
364,2022-07-19,0.0,498.0,10.34,0.94,2.09,239.0,75.96000000000004,2.219999999999999,63.15,-0.22,0.49,-0.620000000000001
365,2022-07-20,0.0,44.0,10.41,0.94,2.08,20.0,24.579999999999927,-1.3399999999999892,28.96,-0.21,0.53,-0.3500000000000014
366,2022-07-21,0.0,-68.0,10.51,0.95,2.06,5.0,43.48000000000002,-3.5600000000000023,318.91,-0.19,0.43,-0.9600000000000009
367,2022-07-22,0.0,-103.0,10.44,0.95,2.07,-70.0,-36.79999999999973,-1.8100000000000025,307.57,-0.21,0.28,-0.2699999999999996
368,2022-07-25,0.0,-107.0,10.48,0.95,2.06,-40.0,1.1200000000003456,1.6000000000000083,279.0,-0.19,0.19,-0.9699999999999988
369,2022-07-26,0.0,-9.0,10.52,0.95,2.06,5.0,-32.16999999999962,-1.3499999999999943,310.04,-0.21,0.26,0.740000000000002
370,2022-07-27,0.0,303.0,10.54,0.95,2.05,155.0,72.18000000000029,1.6600000000000108,321.9,-0.18,0.34,-1.0300000000000011
371,2022-07-28,0.0,249.0,10.62,0.96,2.04,115.0,46.29999999999973,-1.75,318.4,-0.17,0.26,-1.0
372,2022-07-29,0.0,-79.0,10.69,0.97,2.02,-5.0,42.96000000000004,1.3200000000000074,349.37,-0.22,0.26,-0.8000000000000007
373,2022-08-01,0.0,-34.0,10.69,0.97,2.02,-20.0,6.25,-4.569999999999993,365.29,-0.3,0.04,0.4299999999999997
374,2022-08-02,0.0,14.0,10.64,0.96,2.03,0.0,-13.019999999999982,0.6700000000000017,328.54,-0.31,0.19,-0.1499999999999985
375,2022-08-03,0.0,210.0,10.74,0.97,2.01,55.0,47.21000000000004,-3.1700000000000017,395.1,-0.37,0.21,-1.91
376,2022-08-04,0.0,98.0,10.79,0.98,2.01,25.0,-2.910000000000764,-2.4099999999999966,334.93,-0.35,0.18,-0.6199999999999974
377,2022-08-05,0.0,-220.0,10.87,0.98,1.99,-75.0,29.31999999999971,0.9500000000000028,350.02,-0.41,0.25,-0.3500000000000014
378,2022-08-08,0.0,10.0,10.88,0.99,1.99,-20.0,-15.86999999999989,2.300000000000012,340.16,-0.44,0.12,-0.4499999999999993
379,2022-08-09,0.0,-172.0,10.93,0.99,1.98,-79.0,-10.639999999999418,-0.1899999999999977,347.05,-0.48,0.13,0.3599999999999994
380,2022-08-10,0.0,362.0,10.83,0.98,2.0,195.0,29.219999999999345,1.4200000000000017,383.77,-0.45,0.13,-2.5400000000000027
381,2022-08-11,0.0,-34.0,11.02,1.0,1.96,-35.0,-20.1299999999992,2.7900000000000063,341.23,-0.36,0.25,0.3599999999999994
382,2022-08-12,0.0,220.0,11.04,1.0,1.96,95.0,55.1299999999992,-2.0,264.95,-0.41,0.21,-0.8099999999999987
383,2022-08-16,0.0,59.0,11.06,1.0,1.96,25.0,14.739999999999782,-1.4000000000000057,305.37,-0.43,0.12,-0.5399999999999991
384,2022-08-17,0.0,-172.0,10.99,0.99,1.97,-80.0,-6.359999999999673,1.0100000000000051,230.35,-0.39,0.21,0.1600000000000001
385,2022-08-18,0.0,35.0,10.95,0.99,1.98,15.0,10.609999999999673,3.1099999999999994,80.03,-0.34,0.17,-0.9500000000000028
386,2022-08-19,0.0,-342.0,10.88,0.99,1.99,-94.0,-37.83000000000084,0.3799999999999954,58.71,-0.27,0.24,0.4400000000000013
387,2022-08-22,0.0,-220.0,10.75,0.97,2.01,-90.0,-57.09000000000015,0.5799999999999983,24.87,-0.29,0.21,1.3900000000000006
388,2022-08-23,0.0,103.0,10.63,0.96,2.03,65.0,-4.360000000000582,3.1899999999999977,285.61,-0.24,0.25,-0.0199999999999995
389,2022-08-24,0.0,123.0,10.69,0.97,2.02,0.0,14.220000000000256,1.1099999999999994,320.39,-0.25,0.29,-1.5500000000000007
390,2022-08-25,0.0,152.0,10.82,0.98,2.0,10.0,45.85999999999967,-2.8299999999999983,279.88,-0.32,0.15,-0.629999999999999
391,2022-08-26,0.0,-759.0,10.83,0.98,2.0,-339.0,-141.07999999999993,0.0,288.39,-0.33,0.15,3.4899999999999984
392,2022-08-29,0.0,147.0,10.6,0.96,2.04,69.0,-3.9699999999998,4.050000000000011,283.46,-0.3,0.15,-0.6499999999999986
393,2022-08-30,0.0,-289.0,10.7,0.97,2.02,-144.0,-55.09000000000015,-5.260000000000005,386.27,-0.35,0.14,0.4600000000000008
394,2022-08-31,0.0,-401.0,10.8,0.98,2.0,-140.0,-45.67000000000007,-2.760000000000005,344.15,-0.3,0.19,0.0100000000000015
395,2022-09-01,0.0,133.0,10.55,0.95,2.05,95.0,30.11999999999989,-2.219999999999999,305.11,-0.25,0.29,-1.3200000000000005
396,2022-09-02,0.0,-5.0,10.52,0.95,2.06,-40.0,-70.39999999999964,0.3100000000000023,277.53,-0.2,0.26,-0.0400000000000027
397,2022-09-06,0.0,-210.0,10.52,0.95,2.06,-80.0,-22.699999999999815,0.039999999999992,420.26,-0.17,0.29,1.4499999999999993
398,2022-09-07,0.0,210.0,10.37,0.94,2.09,130.0,70.44000000000005,-4.990000000000009,380.78,-0.18,0.2,-2.289999999999999
399,2022-09-08,0.0,553.0,10.41,0.94,2.08,249.0,46.23999999999978,1.6300000000000097,342.76,-0.19,0.23,-1.09
400,2022-09-13,0.0,-896.0,10.7,0.97,2.02,-329.0,-104.42999999999984,-0.7800000000000011,348.0,-0.33,0.14,3.599999999999998
401,2022-09-14,0.0,69.0,10.53,0.95,2.05,60.0,5.2800000000002,0.5400000000000063,335.38,-0.37,0.17,-0.5700000000000003
402,2022-09-15,0.0,-289.0,10.49,0.95,2.06,-125.0,-31.059999999999945,-3.8100000000000014,235.36,-0.42,0.23,0.1699999999999981
403,2022-09-16,0.0,68.0,10.24,0.92,2.08,45.0,-7.619999999999891,-0.0499999999999971,87.83,-0.4,0.25,-1.1699999999999982
404,2022-09-19,0.0,211.0,10.13,0.91,2.1,140.0,49.98000000000002,0.5200000000000102,59.63,-0.46,0.12,-1.93
405,2022-09-20,0.0,-225.0,10.18,0.92,2.09,-75.0,-19.300000000000185,-1.1599999999999966,26.23,-0.39,0.22,1.5100000000000016
406,2022-09-21,0.0,-357.0,10.09,0.91,2.11,-189.0,-81.47000000000025,-1.3100000000000025,339.68,-0.51,0.2,-0.0400000000000027
407,2022-09-22,0.0,-5.0,10.03,0.9,2.12,-44.0,-24.370000000000346,0.4200000000000017,303.49,-0.41,0.41,-0.8099999999999987
408,2022-09-23,0.0,-372.0,9.84,0.89,2.16,-135.0,-33.909999999999854,-4.800000000000011,334.27,-0.51,0.45,2.240000000000002
409,2022-09-26,0.0,24.0,9.55,0.86,2.23,35.0,-27.67999999999984,-2.5200000000000102,280.93,-0.39,0.49,0.5199999999999996
410,2022-09-27,0.0,-327.0,9.56,0.86,2.23,-60.0,-39.15000000000009,2.030000000000001,283.61,-0.33,0.62,1.400000000000002
411,2022-09-28,0.0,342.0,9.32,0.84,2.28,189.0,67.09999999999991,4.070000000000007,324.68,-0.35,0.32,-4.32
412,2022-09-29,0.0,-108.0,9.33,0.84,2.28,-120.0,-46.54000000000042,-0.6700000000000017,286.13,-0.4,0.4,0.1699999999999981
413,2022-09-30,0.0,401.0,9.26,0.83,2.3,184.0,-47.86000000000013,-2.25,253.15,-0.39,0.5,0.0100000000000015
414,2022-10-04,0.0,494.0,9.5,0.85,2.24,154.0,64.4699999999998,3.299999999999997,302.55,-0.48,0.17,-0.4499999999999993
415,2022-10-05,0.0,230.0,9.52,0.86,2.24,109.0,30.0300000000002,1.3900000000000006,329.79,-0.39,0.3,-0.8099999999999987
416,2022-10-06,0.0,-309.0,9.62,0.87,2.21,-114.0,-27.449999999999815,0.3700000000000045,235.3,-0.4,0.37,1.9199999999999984
417,2022-10-07,0.0,-563.0,9.6,0.86,2.22,-224.0,-67.07999999999993,3.7099999999999937,429.16,-0.41,0.44,0.9899999999999984
418,2022-10-11,0.0,-54.0,9.42,0.85,2.26,0.0,-7.019999999999982,-1.7900000000000065,333.16,-0.37,0.26,0.0700000000000002
419,2022-10-12,0.0,-102.0,9.47,0.85,2.25,-60.0,-13.799999999999727,-1.4000000000000057,332.27,-0.37,0.21,0.0300000000000011
420,2022-10-13,0.0,406.0,9.3,0.84,2.29,229.0,149.53999999999996,2.030000000000001,298.03,-0.5,0.18,-1.66
421,2022-10-14,0.0,-377.0,9.52,0.86,2.24,-194.0,-107.33999999999968,-3.6599999999999966,237.03,-0.48,0.19,0.1300000000000025
422,2022-10-17,0.0,416.0,9.55,0.86,2.23,185.0,39.29999999999973,-0.1300000000000096,172.02,-0.43,0.05,-0.9000000000000021
423,2022-10-18,0.0,20.0,9.68,0.87,2.2,5.0,-26.2800000000002,-2.8800000000000097,97.3,-0.42,-0.03,-0.6000000000000014
424,2022-10-19,0.0,-161.0,9.62,0.87,2.21,-60.0,-7.950000000000273,1.8599999999999997,71.31,-0.41,0.07,-0.1799999999999997
425,2022-10-20,0.0,-83.0,9.54,0.86,2.23,-40.0,-23.269999999999985,0.0400000000000062,18.18,-0.38,0.15,-1.3200000000000005
426,2022-10-21,0.0,445.0,9.52,0.86,2.24,264.0,95.65000000000008,-0.019999999999996,272.8,-0.28,0.12,-0.5199999999999996
427,2022-10-24,0.0,39.0,9.62,0.87,2.21,5.0,35.32999999999993,-0.6599999999999966,250.73,-0.25,0.09,-0.7999999999999972
428,2022-10-25,0.0,-9.0,9.62,0.87,2.21,-5.0,59.67000000000007,0.4399999999999977,240.44,-0.32,-0.04,-1.34
429,2022-10-26,0.0,166.0,9.68,0.87,2.2,80.0,4.630000000000109,2.8400000000000034,287.18,-0.35,-0.07,-1.16
430,2022-10-27,0.0,-216.0,9.85,0.89,2.16,-109.0,-27.389999999999876,0.8199999999999932,292.56,-0.34,-0.17,-0.120000000000001
431,2022-10-28,0.0,314.0,9.76,0.88,2.18,139.0,92.79999999999971,-0.769999999999996,263.4,-0.39,-0.16,-1.6799999999999995
432,2022-10-31,0.0,79.0,9.87,0.89,2.16,-10.0,-9.86999999999989,-1.8599999999999997,285.34,-0.41,-0.12,-1.0300000000000011
433,2022-11-01,0.0,-147.0,10.05,0.9,2.12,-35.0,-45.690000000000055,1.9399999999999975,274.32,-0.47,-0.16,-0.1500000000000021
434,2022-11-02,0.0,-501.0,10.06,0.91,2.12,-229.0,-93.21000000000004,1.3799999999999957,280.96,-0.51,-0.12,-0.1799999999999997
435,2022-11-03,0.0,-128.0,10.01,0.9,2.13,-80.0,-13.360000000000127,-1.1799999999999926,239.82,-0.57,-0.11,-0.6799999999999997
436,2022-11-04,0.0,94.0,10.1,0.91,2.11,5.0,3.570000000000164,4.709999999999994,354.06,-0.49,-0.04,-1.0799999999999983
437,2022-11-07,0.0,231.0,10.2,0.92,2.09,64.0,26.090000000000146,0.7900000000000063,322.42,-0.5,-0.07,-1.3200000000000005
438,2022-11-08,0.0,143.0,10.32,0.93,2.07,24.0,11.090000000000146,-2.960000000000008,344.22,-0.53,-0.14,0.8299999999999983
439,2022-11-09,0.0,-236.0,10.42,0.94,2.04,-110.0,-62.36999999999989,-2.739999999999995,388.3,-0.49,-0.17,0.75
440,2022-11-10,0.0,977.0,10.33,0.93,2.06,538.0,96.48000000000002,0.6200000000000045,340.01,-0.52,-0.46,-2.9800000000000004
441,2022-11-11,0.0,39.0,10.68,0.96,2.0,0.0,29.21000000000004,2.6899999999999977,301.66,-0.52,-0.46,-1.370000000000001
442,2022-11-14,0.0,94.0,10.64,0.96,2.0,19.0,-20.7199999999998,-3.1499999999999915,315.45,-0.52,-0.46,-0.259999999999998
443,2022-11-15,0.0,64.0,10.66,0.96,2.0,30.0,-14.679999999999836,1.6700000000000017,331.71,-0.57,-0.51,0.7699999999999996
444,2022-11-16,0.0,-167.0,10.66,0.96,2.0,-69.0,-18.0300000000002,-1.2999999999999972,225.67,-0.68,-0.65,-0.1799999999999997
445,2022-11-18,0.0,73.0,10.52,0.95,2.03,10.0,-1.0499999999997272,-2.010000000000005,96.58,-0.69,-0.52,-0.91
446,2022-11-21,0.0,-74.0,10.41,0.94,2.05,-20.0,-6.289999999999964,-0.5699999999999932,21.98,-0.65,-0.58,-1.6900000000000013
447,2022-11-22,0.0,221.0,10.35,0.93,2.06,75.0,38.06999999999971,0.730000000000004,269.62,-0.71,-0.64,-1.3000000000000007
448,2022-11-23,0.0,216.0,10.4,0.94,2.05,70.0,26.96000000000004,-3.140000000000001,379.15,-0.75,-0.69,-1.139999999999997
449,2022-11-25,0.0,-196.0,10.49,0.95,2.03,-35.0,2.7799999999997453,-1.230000000000004,266.45,-0.74,-0.73,-0.1099999999999994
450,2022-11-28,0.0,-15.0,10.36,0.93,2.06,-55.0,-41.42000000000007,1.309999999999988,405.03,-0.77,-0.72,0.120000000000001
451,2022-11-29,0.0,-167.0,10.47,0.94,2.03,-50.0,-6.559999999999945,1.6599999999999966,381.87,-0.73,-0.63,-0.1999999999999993
452,2023-01-03,0.0,-162.0,10.67,0.83,2.23,-90.0,-29.15000000000009,-3.539999999999992,139.84,-0.61,-0.74,-0.1900000000000012
453,2023-01-04,0.0,167.0,10.85,0.85,2.2,0.0,12.609999999999673,-4.310000000000002,149.77,-0.67,-0.86,-0.9199999999999982
454,2023-01-05,0.0,-206.0,10.89,0.85,2.19,-60.0,-31.639999999999876,0.4099999999999966,112.45,-0.74,-0.95,0.2600000000000015
455,2023-01-06,0.0,334.0,11.02,0.86,2.16,110.0,71.71000000000004,-0.1400000000000005,95.22,-0.69,-1.12,-1.5600000000000025
456,2023-01-09,0.0,-84.0,11.31,0.88,2.11,-44.0,-18.730000000000015,1.0499999999999972,154.2,-0.66,-1.17,0.2199999999999988
457,2023-01-10,0.0,138.0,11.31,0.88,2.11,100.0,30.67999999999984,0.2100000000000079,164.98,-0.63,-1.12,-1.6400000000000006
458,2023-01-11,0.0,187.0,11.35,0.89,2.1,85.0,37.26000000000022,2.6200000000000045,179.83,-0.66,-1.18,0.2899999999999991
459,2023-01-12,0.0,78.0,11.38,0.89,2.09,0.0,5.599999999999909,0.75,188.06,-0.69,-1.23,-2.7300000000000004
460,2023-01-13,0.0,59.0,11.48,0.9,2.08,-10.0,38.49000000000024,1.5300000000000011,189.32,-0.73,-1.18,-0.6499999999999986
461,2023-01-17,0.0,-34.0,11.45,0.9,2.08,40.0,-8.3100000000004,0.1099999999999994,267.91,-0.65,-1.18,-0.5300000000000011
462,2023-01-18,0.0,-167.0,11.39,0.89,2.09,-75.0,-73.38999999999987,-1.5400000000000065,326.23,-0.69,-1.32,1.0599999999999987
463,2023-01-19,0.0,-30.0,11.45,0.9,2.08,-50.0,-12.990000000000236,1.1799999999999926,321.13,-0.7,-1.32,0.0899999999999998
464,2023-01-20,0.0,442.0,11.53,0.9,2.07,160.0,63.57000000000016,0.7999999999999972,300.15,-0.66,-1.24,-0.4299999999999997
465,2023-01-25,0.0,29.0,11.69,0.91,2.04,15.0,33.50999999999976,-0.1099999999999994,297.23,-0.65,-1.26,-0.4800000000000004
466,2023-01-26,0.0,69.0,11.89,0.93,2.0,15.0,24.34999999999991,0.5300000000000011,291.06,-0.68,-1.22,-0.3200000000000003
467,2023-01-27,0.0,15.0,11.96,0.94,1.99,25.0,16.840000000000146,-1.539999999999992,367.59,-0.67,-1.21,-0.389999999999997
468,2023-01-30,0.0,0.0,11.81,0.92,2.02,-54.0,-31.5,-2.140000000000001,327.43,-0.7,-1.17,0.1799999999999997
469,2023-01-31,0.0,227.0,11.69,0.91,2.04,70.0,55.75,0.960000000000008,312.73,-0.69,-1.18,-0.7200000000000024
470,2023-02-01,0.0,438.0,11.81,0.92,2.02,185.0,49.13999999999987,-2.6500000000000057,360.86,-0.7,-1.27,-1.75
471,2023-02-02,0.0,-59.0,11.9,0.93,2.0,5.0,21.079999999999927,-0.9100000000000108,339.76,-0.69,-1.26,0.990000000000002
472,2023-02-03,0.0,-290.0,11.96,0.94,1.99,-114.0,-0.2100000000000363,-2.530000000000001,413.41,-0.77,-1.17,-0.240000000000002
473,2023-02-06,0.0,25.0,11.75,0.92,2.03,0.0,-8.489999999999782,0.8799999999999955,380.03,-0.81,-1.08,0.1999999999999993
474,2023-02-07,0.0,202.0,11.81,0.92,2.02,80.0,58.64999999999964,2.5700000000000074,408.28,-0.8,-1.04,-0.879999999999999
475,2023-02-08,0.0,-192.0,11.97,0.94,1.99,-84.0,-35.61000000000058,0.980000000000004,353.47,-0.82,-1.09,0.75
476,2023-02-09,0.0,-202.0,11.96,0.94,1.99,-15.0,-62.75,-0.3900000000000005,324.16,-0.81,-1.1,1.4700000000000024
477,2023-02-10,0.0,-167.0,11.9,0.93,2.0,-64.0,21.539999999999964,2.039999999999992,356.06,-0.76,-1.05,-0.2099999999999973
478,2023-02-13,0.0,261.0,11.82,0.92,2.02,110.0,40.67000000000007,0.2000000000000028,301.3,-0.8,-1.09,-1.3200000000000005
479,2023-02-14,0.0,69.0,11.88,0.93,2.01,45.0,9.430000000000293,0.0,299.94,-0.83,-1.03,-1.8099999999999987
480,2023-02-15,0.0,211.0,11.7,0.92,2.04,164.0,28.100000000000364,-0.2399999999999948,264.49,-0.81,-0.98,-1.1400000000000006
481,2023-02-16,0.0,-453.0,11.93,0.93,2.0,-229.0,-24.340000000000146,-0.0500000000000113,117.6,-0.76,-0.98,1.91
482,2023-02-17,0.0,35.0,11.81,0.92,2.02,55.0,1.7000000000002728,-1.7299999999999898,93.27,-0.78,-1.02,-0.9200000000000016
483,2023-02-21,0.0,-384.0,11.88,0.92,2.01,-214.0,-55.00999999999976,-0.3700000000000045,35.48,-0.72,-0.91,1.0700000000000005
484,2023-02-22,0.0,123.0,11.68,0.91,2.05,85.0,-10.779999999999744,-2.1599999999999966,332.02,-0.73,-0.91,-0.740000000000002
485,2023-02-23,0.0,-59.0,11.79,0.92,2.03,5.0,-6.279999999999745,1.4699999999999989,333.84,-0.78,-0.96,-0.8200000000000003
486,2023-02-24,0.0,-285.0,11.71,0.91,2.04,-65.0,-3.199999999999818,0.7199999999999989,313.04,-0.83,-0.91,0.3200000000000003
487,2023-02-27,0.0,113.0,11.61,0.9,2.06,25.0,-10.120000000000346,-0.7399999999999949,266.09,-0.86,-0.97,-1.0399999999999991
488,2023-02-28,0.0,25.0,11.66,0.91,2.05,20.0,-7.039999999999964,1.289999999999992,300.09,-0.89,-0.96,-0.6000000000000014
489,2023-03-02,0.0,172.0,11.73,0.91,2.04,90.0,42.67000000000007,0.4200000000000017,260.33,-0.81,-0.83,-1.8200000000000005
490,2023-03-03,0.0,271.0,11.75,0.91,2.04,154.0,47.61999999999989,1.7900000000000065,374.2,-0.89,-0.94,-1.2700000000000031
491,2023-03-06,0.0,-49.0,11.9,0.93,2.01,-115.0,-6.730000000000018,0.539999999999992,292.35,-0.91,-0.95,-0.4400000000000013
492,2023-03-07,0.0,-291.0,11.9,0.93,2.01,-155.0,-61.89000000000033,-2.9200000000000017,398.24,-1.03,-1.07,0.9499999999999992
493,2023-03-08,0.0,123.0,11.75,0.91,2.04,89.0,4.460000000000036,-0.6599999999999966,335.93,-1.07,-1.08,-0.6000000000000014
494,2023-03-09,0.0,-369.0,11.69,0.91,2.05,-169.0,-80.33999999999969,-0.7800000000000011,349.96,-0.97,-1.12,3.280000000000001
495,2023-03-10,0.0,142.0,11.57,0.9,2.07,25.0,-51.17999999999984,1.0300000000000011,371.83,-0.9,-1.31,1.4600000000000009
496,2023-03-13,0.0,-301.0,11.65,0.91,2.05,-60.0,20.640000000000327,-1.7999999999999972,457.42,-0.48,-1.32,2.469999999999999
497,2023-03-14,0.0,310.0,11.35,0.88,2.11,244.0,26.549999999999727,-3.3700000000000045,432.86,-0.56,-1.24,-3.120000000000001
498,2023-03-15,0.0,-315.0,11.5,0.89,2.08,-40.0,15.190000000000056,-3.950000000000003,555.16,-0.42,-1.24,2.93
499,2023-03-16,0.0,349.0,11.49,0.89,2.08,194.0,81.35000000000036,0.1299999999999954,327.12,-0.58,-1.18,-3.200000000000003
500,2023-03-17,0.0,-10.0,11.58,0.9,2.07,-79.0,-42.05000000000018,-1.5200000000000102,152.26,-0.42,-1.13,2.59
501,2023-03-20,0.0,172.0,11.5,0.89,2.08,65.0,34.100000000000364,1.019999999999996,76.87,-0.45,-1.34,-3.620000000000001
502,2023-03-21,0.0,275.0,11.54,0.9,2.07,155.0,26.980000000000015,1.7099999999999935,26.35,-0.58,-1.19,-2.780000000000001
503,2023-03-22,0.0,-231.0,11.67,0.91,2.05,-89.0,-65.07000000000016,1.4200000000000017,337.64,-0.48,-1.31,0.4600000000000008
504,2023-03-23,0.0,-10.0,11.71,0.91,2.04,90.0,-10.490000000000236,0.0099999999999909,335.24,-0.38,-1.35,1.0700000000000005
505,2023-03-24,0.0,103.0,11.66,0.91,2.05,65.0,31.779999999999745,-0.25,380.85,-0.38,-1.36,-0.370000000000001
506,2023-03-27,0.0,108.0,11.64,0.91,2.05,10.0,-5.399999999999636,3.390000000000001,353.6,-0.41,-1.38,-1.4499999999999993
507,2023-03-28,0.0,-59.0,11.76,0.92,2.03,0.0,-2.8600000000001278,0.3400000000000034,328.47,-0.47,-1.25,-0.5600000000000023
508,2023-03-29,0.0,192.0,11.81,0.92,2.03,70.0,28.279999999999745,-0.6400000000000006,312.67,-0.51,-1.23,-0.2699999999999996
509,2023-03-30,0.0,113.0,11.85,0.92,2.02,-5.0,4.0900000000001455,1.3900000000000006,269.74,-0.55,-1.42,-0.1000000000000014
510,2023-03-31,0.0,93.0,11.97,0.93,2.0,95.0,53.13000000000056,1.2999999999999972,304.36,-0.58,-1.37,-0.5100000000000016
511,2023-04-03,0.0,29.0,11.96,0.93,2.0,-40.0,22.3100000000004,0.3200000000000074,547.13,-0.54,-1.47,-1.2399999999999984
512,2023-04-04,0.0,5.0,12.0,0.93,1.99,-65.0,-27.42999999999938,0.269999999999996,343.57,-0.49,-1.53,0.2100000000000008
513,2023-04-05,0.0,-138.0,12.07,0.94,1.98,-69.0,-4.119999999999891,-0.4000000000000057,254.97,-0.49,-1.56,-0.3400000000000034
514,2023-04-06,0.0,232.0,11.89,0.93,2.01,104.0,23.870000000000346,0.3299999999999983,259.52,-0.52,-1.61,-0.9000000000000021
515,2023-04-10,0.0,93.0,12.15,0.95,1.97,59.0,23.90999999999985,-0.7600000000000051,264.91,-0.59,-1.67,-0.4200000000000017
516,2023-04-11,0.0,-34.0,12.32,0.96,1.94,-95.0,-1.3500000000003638,1.6500000000000057,309.68,-0.6,-1.61,0.0200000000000031
517,2023-04-12,0.0,-162.0,12.33,0.96,1.94,-149.0,-29.77000000000044,1.8200000000000076,356.13,-0.54,-1.61,-0.2899999999999991
518,2023-04-13,0.0,202.0,12.39,0.96,1.93,149.0,46.18000000000029,-1.0600000000000025,261.23,-0.51,-1.65,-1.0299999999999976
519,2023-04-14,0.0,-15.0,12.43,0.97,1.92,0.0,-2.469999999999345,0.1199999999999903,275.13,-0.56,-1.62,-0.870000000000001
520,2023-04-17,0.0,25.0,12.45,0.97,1.92,15.0,14.149999999999636,-1.6500000000000057,217.05,-0.58,-1.61,-0.629999999999999
521,2023-04-18,0.0,-15.0,12.43,0.97,1.92,-20.0,-9.390000000000327,-0.1400000000000005,96.29,-0.61,-1.62,-0.1100000000000029
522,2023-04-19,0.0,-113.0,12.46,0.97,1.92,-75.0,15.19000000000051,-1.7600000000000051,78.31,-0.64,-1.56,-0.8399999999999999
523,2023-04-20,0.0,-73.0,12.4,0.97,1.93,0.0,-0.6899999999995998,-1.5799999999999983,24.99,-0.6,-1.58,0.3200000000000003
524,2023-04-21,0.0,-108.0,12.31,0.96,1.94,-25.0,1.3800000000001091,0.7400000000000091,291.11,-0.6,-1.57,-0.740000000000002
525,2023-04-24,0.0,78.0,12.21,0.95,1.96,60.0,4.970000000000255,0.7900000000000063,306.72,-0.6,-1.68,-1.3299999999999983
526,2023-04-25,0.0,-24.0,12.08,0.94,1.99,0.0,-54.80000000000018,-1.6700000000000017,361.65,-0.46,-1.72,1.1400000000000006
527,2023-04-26,0.0,20.0,12.06,0.94,1.99,10.0,-31.79000000000042,-2.780000000000001,497.78,-0.47,-1.73,0.1799999999999997
528,2023-04-27,0.0,175.0,12.11,0.94,1.98,195.0,60.0600000000004,0.3800000000000096,345.88,-0.54,-1.65,-1.3999999999999986
529,2023-04-28,0.0,95.0,12.14,0.94,1.98,25.0,39.849999999999454,1.8700000000000043,328.4,-0.6,-1.66,-1.4300000000000015
530,2023-05-02,0.0,-255.0,13.3,0.96,1.97,-170.0,-44.52000000000044,-4.1000000000000085,417.82,-0.53,-1.8,1.5100000000000016
531,2023-05-03,0.0,-129.0,13.18,0.95,1.99,-30.0,-31.5,-2.960000000000008,490.52,-0.51,-1.88,0.5199999999999996
532,2023-05-04,0.0,360.0,13.17,0.95,1.99,160.0,-21.330000000000386,0.4000000000000057,412.5,-0.38,-1.89,0.9199999999999982
533,2023-05-08,0.0,-60.0,13.24,0.96,1.98,-40.0,1.1400000000003274,1.8100000000000025,290.08,-0.48,-1.79,-0.75
534,2023-05-09,0.0,-10.0,13.22,0.96,1.98,0.0,-5.079999999999927,0.8699999999999903,317.49,-0.48,-1.76,0.4200000000000017
535,2023-05-10,0.0,115.0,13.15,0.95,1.99,100.0,-6.099999999999454,-1.019999999999996,351.51,-0.47,-1.81,-0.639999999999997
536,2023-05-11,0.0,-119.0,13.12,0.95,1.99,-40.0,-1.6199999999998909,-1.8999999999999917,365.89,-0.5,-1.81,0.129999999999999
537,2023-05-12,0.0,-70.0,13.04,0.94,2.01,-70.0,-14.460000000000036,-1.3799999999999957,275.44,-0.52,-1.79,0.2000000000000028
538,2023-05-15,0.0,209.0,13.06,0.94,2.0,105.0,9.63000000000011,1.0699999999999932,259.01,-0.49,-1.71,-0.3200000000000003
539,2023-05-16,0.0,-59.0,13.06,0.95,2.0,-45.0,-18.050000000000185,-0.4599999999999937,232.33,-0.52,-1.69,0.4499999999999993
540,2023-05-17,0.0,200.0,13.14,0.95,1.99,115.0,35.92000000000007,2.230000000000004,273.71,-0.55,-1.69,-1.09
541,2023-05-18,0.0,240.0,13.25,0.96,1.97,100.0,40.36999999999989,-0.8900000000000006,80.86,-0.59,-1.66,-0.870000000000001
542,2023-05-19,0.0,0.0,13.37,0.97,1.96,-10.0,-12.170000000000073,-0.3900000000000005,69.95,-0.58,-1.59,0.6799999999999997
543,2023-05-22,0.0,115.0,13.47,0.97,1.94,20.0,1.850000000000364,0.289999999999992,18.68,-0.57,-1.68,-0.2399999999999984
544,2023-05-23,0.0,-200.0,13.53,0.98,1.93,-50.0,-31.22000000000025,0.8100000000000023,317.59,-0.56,-1.64,1.1799999999999995
545,2023-05-24,0.0,165.0,13.53,0.98,1.93,60.0,-17.720000000000255,0.5700000000000074,386.61,-0.58,-1.64,1.2300000000000004
546,2023-05-25,0.0,55.0,13.46,0.97,1.94,45.0,-4.430000000000291,-2.3799999999999955,422.64,-0.67,-1.55,-0.3999999999999986
547,2023-05-26,0.0,339.0,13.48,0.98,1.94,95.0,49.28999999999997,0.7800000000000011,261.5,-0.74,-1.54,-1.120000000000001
548,2023-05-30,0.0,-45.0,13.62,0.99,1.92,-20.0,-21.1899999999996,-3.77000000000001,440.86,-0.77,-1.86,-0.0999999999999978
549,2023-05-31,0.0,-44.0,13.57,0.98,1.93,-55.0,-10.909999999999854,-1.5300000000000011,444.79,-0.76,-1.88,-0.0999999999999978
550,2023-06-01,0.0,219.0,13.52,0.98,1.93,50.0,37.99000000000069,2.5,395.39,-0.72,-1.89,-1.589999999999998
551,2023-06-02,0.0,204.0,13.69,0.99,1.91,65.0,41.35999999999967,1.5300000000000011,322.6,-0.81,-1.81,-1.0500000000000007
552,2023-06-05,0.0,99.0,13.76,1.0,1.9,0.0,-9.199999999999818,-2.8799999999999955,383.94,-0.77,-1.77,-0.5499999999999989
553,2023-06-07,0.0,-105.0,13.76,1.0,1.9,-70.0,-17.949999999999818,0.9699999999999988,299.13,-0.77,-1.63,-0.200000000000001
554,2023-06-08,0.0,174.0,13.74,0.99,1.9,135.0,25.24000000000069,-1.1799999999999926,485.4,-0.79,-1.65,-0.4900000000000002
555,2023-06-09,0.0,80.0,16.15,0.97,1.88,50.0,-6.020000000000437,-0.769999999999996,300.72,-0.84,-1.62,0.0500000000000007
556,2023-06-12,0.0,200.0,16.07,0.96,1.89,90.0,30.610000000000586,-3.1499999999999915,404.77,-0.82,-1.67,0.5700000000000003
557,2023-06-13,0.0,0.0,16.15,0.97,1.88,0.0,16.400000000000546,2.1099999999999994,366.35,-0.83,-1.52,-0.3800000000000008
558,2023-06-14,0.0,85.0,16.03,0.96,1.9,130.0,6.300000000000182,-1.0799999999999983,304.45,-0.91,-1.53,-0.5999999999999996
559,2023-06-15,0.0,174.0,15.97,0.95,1.9,110.0,60.51000000000022,1.9200000000000017,115.61,-0.9,-1.61,0.4100000000000001
560,2023-06-16,0.0,-100.0,16.07,0.96,1.89,0.0,-31.359999999999676,1.230000000000004,99.19,-0.93,-1.57,-0.9500000000000012
561,2023-06-20,0.0,-65.0,15.93,0.95,1.91,15.0,-7.399999999999636,-0.9500000000000028,28.74,-0.94,-1.65,-0.4799999999999986
562,2023-06-21,0.0,-64.0,15.8,0.95,1.92,-110.0,-14.320000000000618,1.6299999999999957,264.66,-0.96,-1.68,-0.6800000000000015
563,2023-06-22,0.0,135.0,15.87,0.95,1.91,55.0,26.49000000000069,-2.9200000000000017,421.35,-0.97,-1.6,-0.9700000000000006
564,2023-06-23,0.0,-55.0,15.72,0.94,1.93,-45.0,-5.8400000000001455,-0.3700000000000045,322.48,-0.97,-1.67,0.1999999999999993
565,2023-06-26,0.0,-65.0,15.8,0.95,1.92,-85.0,-16.020000000000437,-0.4699999999999988,280.12,-0.93,-1.78,-0.1799999999999997
566,2023-06-27,0.0,125.0,15.79,0.94,1.92,90.0,41.05000000000018,-1.789999999999992,384.75,-0.97,-1.67,-0.3699999999999992
567,2023-06-28,0.0,99.0,15.69,0.94,1.94,80.0,9.38000000000011,1.5499999999999972,368.3,-1.0,-1.73,-0.4700000000000006
568,2023-06-29,0.0,10.0,15.6,0.93,1.95,40.0,21.5,0.6099999999999994,292.87,-1.02,-1.61,-0.1000000000000014
569,2023-06-30,0.0,125.0,15.69,0.94,1.94,80.0,27.94000000000051,0.8200000000000074,299.87,-1.06,-1.62,0.08
570,2023-07-03,0.0,-15.0,15.92,0.95,1.91,30.0,5.110000000000582,-0.6599999999999966,303.48,-1.08,-1.58,-0.2799999999999993
571,2023-07-05,0.0,-20.0,15.78,0.94,1.92,-35.0,4.779999999999745,1.6400000000000006,456.81,-0.99,-1.49,-0.0099999999999997
572,2023-07-06,0.0,-195.0,15.64,0.94,1.94,-40.0,-11.029999999999744,0.0,395.38,-0.94,-1.41,0.5899999999999999
573,2023-07-07,0.0,50.0,15.46,0.92,1.96,20.0,-5.5900000000001455,1.9699999999999989,362.63,-0.88,-1.4,-1.1400000000000006
574,2023-07-10,0.0,240.0,15.42,0.92,1.97,105.0,15.300000000000182,-0.8700000000000045,301.01,-0.84,-1.47,-1.009999999999998
575,2023-07-11,0.0,5.0,15.68,0.94,1.94,-65.0,23.71000000000004,1.6400000000000006,326.88,-0.89,-1.5,-0.1799999999999997
576,2023-07-12,0.0,255.0,15.76,0.94,1.93,75.0,4.470000000000255,0.9200000000000016,352.89,-0.86,-1.61,-1.2800000000000011
577,2023-07-13,0.0,204.0,15.85,0.95,1.91,115.0,18.539999999999964,1.0400000000000065,379.73,-0.83,-1.71,0.1699999999999999
578,2023-07-14,0.0,-185.0,16.08,0.96,1.89,-5.0,-9.1899999999996,-1.7399999999999949,299.58,-0.91,-1.66,-0.3800000000000008
579,2023-07-17,0.0,90.0,16.03,0.96,1.89,15.0,13.930000000000293,-0.8699999999999903,244.79,-0.93,-1.68,-0.2999999999999989
580,2023-07-18,0.0,190.0,15.96,0.95,1.9,90.0,33.19999999999982,1.5699999999999932,125.09,-0.94,-1.69,-0.3099999999999987
581,2023-07-19,0.0,-224.0,15.96,0.95,1.9,-180.0,1.850000000000364,-0.4900000000000091,92.92,-0.99,-1.74,0.4399999999999995
582,2023-07-20,0.0,-250.0,15.91,0.95,1.91,-320.0,-19.51000000000022,0.2800000000000011,23.71,-0.95,-1.64,0.0299999999999993
583,2023-07-21,0.0,-20.0,15.97,0.96,1.9,0.0,-13.819999999999707,1.3699999999999903,308.11,-0.98,-1.66,-0.2699999999999996
584,2023-07-24,0.0,70.0,16.09,0.96,1.89,0.0,11.25,1.7299999999999898,368.29,-0.95,-1.65,-0.379999999999999
585,2023-07-25,0.0,-15.0,16.14,0.97,1.88,105.0,12.270000000000437,0.7800000000000011,349.6,-0.94,-1.6,-0.1600000000000001
586,2023-07-26,0.0,110.0,15.87,0.95,1.91,-35.0,7.789999999999964,-0.5600000000000023,322.03,-0.96,-1.65,-0.6699999999999999
587,2023-07-27,0.0,-145.0,15.94,0.95,1.9,-85.0,-60.85000000000037,1.1899999999999975,374.36,-0.9,-1.5,1.2699999999999996
588,2023-07-28,0.0,205.0,15.97,0.96,1.9,80.0,16.479999999999563,0.7399999999999949,299.55,-0.91,-1.56,-0.6999999999999993
589,2023-07-31,0.0,85.0,16.12,0.96,1.88,155.0,4.140000000000327,1.1499999999999917,297.27,-0.91,-1.58,-0.3499999999999996
590,2023-08-01,0.0,-230.0,16.33,0.98,1.86,-210.0,-2.100000000000364,-0.3599999999999994,307.86,-0.87,-1.49,0.1799999999999997
591,2023-08-02,0.0,10.0,16.02,0.96,1.9,80.0,-37.53999999999997,-2.5600000000000023,414.83,-0.8,-1.45,0.3900000000000005
592,2023-08-03,0.0,65.0,15.96,0.95,1.9,35.0,7.619999999999891,1.7800000000000011,402.64,-0.7,-1.34,-0.8499999999999996
593,2023-08-04,0.0,-175.0,15.95,0.95,1.9,-125.0,-35.93000000000029,1.0899999999999892,320.87,-0.73,-1.49,1.09
594,2023-08-07,0.0,120.0,15.81,0.95,1.92,50.0,26.859999999999676,-0.8799999999999955,293.04,-0.67,-1.47,-1.129999999999999
595,2023-08-08,0.0,55.0,15.77,0.94,1.93,-45.0,1.3500000000003638,0.3900000000000005,424.55,-0.72,-1.55,-0.2900000000000009
596,2023-08-09,0.0,-210.0,15.96,0.96,1.9,-125.0,-33.85999999999967,1.5200000000000102,478.14,-0.79,-1.55,0.1500000000000003
597,2023-08-10,0.0,70.0,15.94,0.95,1.9,115.0,-18.329999999999927,-1.4300000000000068,362.19,-0.73,-1.45,0.2699999999999996
598,2023-08-11,0.0,-105.0,15.88,0.95,1.91,-80.0,13.360000000000582,0.3599999999999994,331.25,-0.73,-1.38,-0.6899999999999995
599,2023-08-14,0.0,-255.0,15.75,0.94,1.93,-125.0,31.590000000000146,-0.5799999999999983,277.35,-0.77,-1.37,-1.0600000000000005
600,2023-08-16,0.0,-205.0,15.46,0.93,1.96,-30.0,-29.46000000000004,-1.8500000000000083,325.4,-0.69,-1.28,0.240000000000002
601,2023-08-17,0.0,-385.0,15.43,0.92,1.97,-120.0,-45.96000000000004,1.1400000000000006,235.58,-0.64,-1.26,0.9299999999999996
602,2023-08-18,0.0,75.0,15.33,0.92,1.98,95.0,24.829999999999927,1.2099999999999935,128.09,-0.66,-1.29,-0.5
603,2023-08-21,0.0,200.0,15.36,0.92,1.98,185.0,19.49000000000069,-0.710000000000008,115.87,-0.63,-1.23,-0.9000000000000021
604,2023-08-22,0.0,-160.0,15.39,0.92,1.97,-65.0,-27.779999999999745,-0.4500000000000028,21.69,-0.68,-1.23,0.009999999999998
605,2023-08-23,0.0,350.0,15.33,0.92,1.98,225.0,39.57000000000062,-0.75,378.15,-0.76,-1.38,-0.6600000000000001
606,2023-08-24,0.0,-465.0,15.52,0.93,1.95,-255.0,-78.84999999999945,0.480000000000004,349.23,-0.75,-1.35,1.629999999999999
607,2023-08-25,0.0,210.0,15.41,0.92,1.97,135.0,16.329999999999927,0.9500000000000028,411.41,-0.78,-1.36,-1.5300000000000011
608,2023-08-28,0.0,165.0,15.56,0.93,1.95,30.0,7.280000000000655,-0.0500000000000113,246.58,-0.78,-1.38,-1.1599999999999984
609,2023-08-29,0.0,330.0,15.61,0.94,1.94,165.0,64.88000000000011,1.1799999999999926,284.17,-0.75,-1.44,-0.6300000000000008
610,2023-08-30,0.0,70.0,15.67,0.94,1.93,25.0,14.529999999999744,0.3399999999999892,299.42,-0.78,-1.44,-0.6499999999999986
611,2023-08-31,0.0,-90.0,15.64,0.94,1.94,-65.0,-9.350000000000364,1.9299999999999928,368.85,-0.76,-1.47,-0.4100000000000001
612,2023-09-01,0.0,100.0,15.68,0.94,1.93,-60.0,-14.829999999999927,1.9200000000000017,420.46,-0.69,-1.35,-0.4700000000000006
613,2023-09-05,0.0,-65.0,15.8,0.95,1.92,25.0,-13.230000000000471,0.6299999999999955,452.91,-0.67,-1.28,-0.1400000000000005
614,2023-09-06,0.0,-95.0,15.68,0.94,1.93,-80.0,-24.8700000000008,0.8200000000000074,307.12,-0.71,-1.25,0.1799999999999997
615,2023-09-07,0.0,45.0,15.59,0.93,1.94,45.0,16.590000000000146,-0.6700000000000017,270.74,-0.67,-1.26,-0.4100000000000001
616,2023-09-08,0.0,15.0,15.59,0.93,1.94,65.0,6.1899999999996,0.730000000000004,294.44,-0.72,-1.29,-0.3800000000000008
617,2023-09-11,0.0,115.0,15.64,0.94,1.94,120.0,6.480000000000473,-0.1099999999999994,292.39,-0.68,-1.26,-0.3699999999999992
618,2023-09-12,0.0,0.0,15.52,0.93,1.95,-40.0,-11.3700000000008,1.5700000000000074,341.14,-0.71,-1.29,0.2100000000000008
619,2023-09-13,0.0,95.0,15.51,0.93,1.95,70.0,4.789999999999964,-0.2300000000000039,345.97,-0.71,-1.3,-0.9399999999999996
620,2023-09-14,0.0,40.0,15.74,0.94,1.93,-40.0,17.32000000000062,1.3499999999999943,325.27,-0.71,-1.26,-0.5700000000000003
621,2023-09-15,0.0,-270.0,15.92,0.95,1.9,-100.0,-47.659999999999854,0.0999999999999943,315.0,-0.69,-1.23,1.09
622,2023-09-18,0.0,70.0,15.76,0.94,1.92,-15.0,8.399999999999636,0.2800000000000011,119.26,-0.73,-1.23,-0.4000000000000003
623,2023-09-19,0.0,-20.0,19.15,0.93,1.93,5.0,-1.4600000000000364,-1.019999999999996,94.6,-0.71,-1.17,0.0
624,2023-09-20,0.0,-200.0,19.15,0.93,1.93,-130.0,-50.61000000000058,-1.269999999999996,35.99,-0.77,-1.21,0.9600000000000009
625,2023-09-21,0.0,-315.0,18.82,0.91,1.97,-115.0,-44.35999999999967,0.3299999999999983,351.03,-0.63,-1.08,2.049999999999999
626,2023-09-22,0.0,-95.0,18.78,0.91,1.97,0.0,-21.67999999999938,0.4099999999999966,402.09,-0.66,-1.12,-0.1099999999999994
627,2023-09-25,0.0,0.0,18.69,0.9,1.98,30.0,26.81999999999971,-0.8699999999999903,328.37,-0.54,-1.03,-0.3500000000000014
628,2023-09-26,0.0,-175.0,18.43,0.89,2.01,-55.0,-39.35000000000037,0.5100000000000051,318.02,-0.48,-1.02,0.91
629,2023-09-27,0.0,-395.0,18.45,0.89,2.0,-185.0,-8.11999999999989,3.1500000000000057,504.63,-0.49,-0.97,-0.0700000000000002
630,2023-10-04,0.0,230.0,18.0,0.87,2.05,170.0,29.920000000000076,-5.200000000000003,460.0,-0.32,-0.88,-2.140000000000001
631,2023-10-05,0.0,45.0,17.99,0.87,2.06,45.0,-1.1200000000008004,-2.140000000000001,466.0,-0.31,-0.89,-0.1800000000000032
632,2023-10-06,0.0,330.0,18.07,0.87,2.05,125.0,73.71000000000004,0.5100000000000051,461.14,-0.3,-0.85,-1.2800000000000011
633,2023-10-10,0.0,445.0,18.02,0.87,2.05,180.0,18.48999999999978,-0.4600000000000079,337.65,-0.3,-0.95,-0.6699999999999982
634,2023-10-11,0.0,175.0,18.38,0.89,2.01,115.0,10.359999999999673,-2.469999999999999,425.4,-0.41,-1.03,-0.8599999999999994
635,2023-10-12,0.0,-305.0,18.6,0.9,1.99,-100.0,-31.329999999999927,-0.2900000000000062,373.49,-0.36,-0.93,0.610000000000003
636,2023-10-13,0.0,-160.0,18.43,0.89,2.01,-210.0,-32.71000000000004,4.179999999999993,356.86,-0.41,-0.99,2.789999999999999
637,2023-10-16,0.0,230.0,18.28,0.88,2.02,115.0,31.26000000000022,-1.0600000000000025,235.78,-0.38,-0.9,-1.8900000000000008
638,2023-10-17,0.0,-85.0,18.46,0.89,2.0,-90.0,27.97000000000025,-0.4000000000000057,197.12,-0.36,-0.79,0.4699999999999988
639,2023-10-18,0.0,-425.0,18.48,0.89,2.0,-250.0,-42.75,0.5099999999999909,92.8,-0.28,-0.7,0.8599999999999994
640,2023-10-19,0.0,-255.0,18.12,0.88,2.04,-180.0,-43.35999999999967,1.1300000000000097,72.06,-0.16,-0.62,1.6699999999999982
641,2023-10-20,0.0,-35.0,17.82,0.86,2.08,-35.0,-49.69000000000051,-1.5300000000000011,27.31,-0.14,-0.65,0.120000000000001
642,2023-10-23,0.0,150.0,17.68,0.86,2.09,125.0,6.640000000000327,-2.510000000000005,315.52,-0.19,-0.72,-1.4599999999999973
643,2023-10-24,0.0,90.0,17.88,0.87,2.07,40.0,11.890000000000327,-2.410000000000011,370.59,-0.19,-0.75,-1.0600000000000025
